"","IdOrig","Country","SpeciesCatName","IdLevel","CommName","SciName","Dbase","CatchShare","Year","Catch","MSY","BvBmsy","FvFmsy","r","k","WasLumped","OverFished","OverFishing"
"376723","INIDEP-ARGANCHONARG-1989-2007-Parma","Argentina","Herrings, sardines, anchovies","Species","Argentine anchoita Northern Argentina","Engraulis anchoita","RAM",0,2012,24500,318020.85,1.09,0.169,0.606939896974508,2095896.82,NA,NA,NA
"376744","INIDEP-ARGANCHOSARG-1992-2007-Parma","Argentina","Herrings, sardines, anchovies","Species","Argentine anchoita Southern Argentina","Engraulis anchoita","RAM",0,2012,3270,217369.035,1.99,0.0353,0.592755517532717,1466837.7,NA,NA,NA
"376771","INIDEP-ARGHAKENARG-1986-2011-CHING","Argentina","Cods, hakes, haddocks","Species","Argentine hake Northern Argentina","Merluccius hubbsi","RAM",1,2012,81200,136215.9978,0.371,1.6,0.760825324162478,716148.6006,NA,TRUE,TRUE
"376794","INIDEP-ARGHAKESARG-1990-2011-CHING","Argentina","Cods, hakes, haddocks","Species","Argentine hake Southern Argentina","Merluccius hubbsi","RAM",1,2012,362000,1198189.816,0.169,1.79,0.556489989857324,8612480.64,NA,TRUE,TRUE
"376824","INIDEP-PATGRENADIERSARG-1983-2006-Parma","Argentina","Cods, hakes, haddocks","Species","Patagonian grenadier Southern Argentina","Macruronus magellanicus","RAM",1,2012,152000,132131,1.99,0.595,0.41160317803969,1284062,NA,NA,NA
"376852","INIDEP-SBWHITARGS-1985-2007-Parma","Argentina","Cods, hakes, haddocks","Species","Southern blue whiting Southern Argentina","Micromesistius australis","RAM",1,2012,39500,192025.1492,0.103,2,0.0705984780079248,10879846.4,NA,TRUE,TRUE
"370587","ABARES-BGRDRSE-1960-2011-CHING","Australia","Cods, hakes, haddocks","Species","Blue Grenadier Southeast Australia","Macruronus novaezelandiae","RAM",0,2012,4220,3953.339081,1.29,1.01,0.165717583992832,95423.52684,NA,NA,TRUE
"372532","CSIRO-BIGHTREDSE-1958-2007-FULTON","Australia","Miscellaneous demersal fishes","Species","Bight redfish Southeast Australia","Centroberyx gerrardi","RAM",1,2012,1020,2154.489046,0.983,1.07,0.0800000000148527,107724.45228,NA,TRUE,TRUE
"372567","CSIRO-DEEPFLATHEADSE-1978-2007-FULTON","Australia","Miscellaneous coastal fishes","Species","Deepwater flathead Southeast Australia","Platycephalus conatus","RAM",1,2012,1040,752.362105,1.43,1.1,0.231433591987441,13003.507374,NA,NA,TRUE
"372614","CSIRO-GEMFISHSE-1966-2007-FULTON","Australia","Miscellaneous demersal fishes","Species","common gemfish Southeast Australia","Rexea solandri","RAM",1,2012,102,1860.538899,0.249,0.0462,0.223115945974747,33355.55226,NA,TRUE,NA
"372677","CSIRO-MORWONGSE-1913-2007-FULTON","Australia","Miscellaneous demersal fishes","Species","Jackass morwong Southeast Australia","Nemadactylus macropterus","RAM",1,2012,396,737.6984133,0.313,1.78,0.101165088035693,29168.10246,NA,TRUE,TRUE
"372722","CSIRO-NZLINGESE-1968-2007-FULTON","Australia","Miscellaneous demersal fishes","Species","New Zealand ling Eastern half of Southeast Australia","Genypterus blacodes","RAM",1,2012,736,257.2560977,0.59,2.23,0.0730156280143599,14093.207424,NA,TRUE,TRUE
"372767","CSIRO-NZLINGWSE-1968-2007-FULTON","Australia","Miscellaneous demersal fishes","Species","New Zealand ling Western half of Southeast Australia","Genypterus blacodes","RAM",0,2012,465,1198.432109,1.08,0.219,0.320000000138848,14980.401356,NA,NA,NA
"372793","CSIRO-OROUGHYCASCADE-1987-2006-FULTON","Australia","Miscellaneous demersal fishes","Species","Orange roughy Cascade Plateau","Hoplostethus atlanticus","RAM",0,2012,800,1248.286806,1.99,0.557,0.0805019860255588,62025.14336,NA,NA,NA
"372828","CSIRO-OROUGHYSE-1978-2007-FULTON","Australia","Miscellaneous demersal fishes","Species","Orange roughy Southeast Australia","Hoplostethus atlanticus","RAM",1,2012,772,2067.932275,0.478,1.7,0.109492713970203,75545.93178,NA,TRUE,TRUE
"372866","CSIRO-PTOOTHFISHMI-1975-2010-FAY","Australia","Miscellaneous demersal fishes","Species","Patagonian toothfish Macquarie Island","Dissostichus eleginoides","RAM",1,2012,68.7,184.369,1.99,0.194,0.161851691717303,4556.49238,NA,NA,NA
"372901","CSIRO-SILVERFISHSE-1978-2006-FULTON","Australia","Miscellaneous demersal fishes","Species","Silverfish Southeast Australia","Seriolella punctata","RAM",1,2012,2590,1217.012648,1.03,0.184,0.184998092099694,26314.05836,NA,NA,NA
"372964","CSIRO-SWHITSE-1945-2007-FULTON","Australia","Miscellaneous coastal fishes","Species","School whiting Southeast Australia","Sillago flindersi","RAM",1,2012,1520,629.5289103,0.663,2.9,0.168030785991257,14986.037388,NA,TRUE,TRUE
"373027","CSIRO-TIGERFLATSE-1913-2006-FULTON","Australia","Miscellaneous coastal fishes","Species","Tiger flathead Southeast Australia","Neoplatycephalus richardsoni","RAM",0,2012,3200,1740.174451,1.99,0,0.273404314143822,25459.35614,NA,NA,NA
"373056","CSIRO-WAREHOUESE-1984-2006-FULTON","Australia","Miscellaneous demersal fishes","Species","Blue Warehou Eastern half of Southeast Australia","Seriolella brama","RAM",1,2012,172,383.7457697,0.488,0.847,0.34000000000886,4514.656114,NA,TRUE,NA
"373085","CSIRO-WAREHOUWSE-1984-2006-FULTON","Australia","Miscellaneous demersal fishes","Species","Blue Warehou Western half of Southeast Australia","Seriolella brama","RAM",0,2012,600,324.6671762,0.413,6,0.266476342065503,4873.485934,NA,TRUE,TRUE
"374360","DPIF-MULLQNSW-1945-2003-BANOBI","Australia","Miscellaneous coastal fishes","Species","Sea Mullet Queensland and New South Wales","Mugil cephalus","RAM",0,2012,4220,8287.283012,1.53,0.342,0.721440289993179,45948.54558,NA,NA,NA
"383935","SARDI-RROCKLOBSTERSAUSNZ-1966-2010-BANOBI","Australia","Lobsters, spiny-rock lobsters","Species","Rock Lobster South Australia Northern Zone","Jasus edwardsii","RAM",1,2012,310,713.5578714,0.515,0.845,0.419609184004363,6802.11872,NA,TRUE,NA
"383983","SARDI-RROCKLOBSTERSAUSSZ-1965-2010-BANOBI","Australia","Lobsters, spiny-rock lobsters","Species","Rock Lobster South Australia Southern Zone","Jasus edwardsii","RAM",1,2012,1240,1673.930085,0.468,1.59,0.877063406133936,7634.248896,NA,TRUE,TRUE
"384013","SARDI-SNAPSAUSNSG-1983-2010-BANOBI","Australia","Miscellaneous coastal fishes","Species","Snapper Northern Spencer Gulf","Chrysophrys auratus","RAM",0,2012,154,998.8886171,0.282,1.16,0.0814039280006527,49083.0672,NA,TRUE,TRUE
"384043","SARDI-SNAPSAUSSGSV-1983-2010-BANOBI","Australia","Miscellaneous coastal fishes","Species","Snapper Southern Gulf St. Vincent","Chrysophrys auratus","RAM",0,2012,190,445.9477772,0.284,2.26,0.0867512080061366,20562.1472,NA,TRUE,TRUE
"384072","SARDI-SNAPSAUSSSG-1984-2010-BANOBI","Australia","Miscellaneous coastal fishes","Species","Snapper Southern Spencer Gulf","Chrysophrys auratus","RAM",0,2012,167,318.1851063,1.44,0.782,0.256255758036208,4966.6803,NA,NA,NA
"385979","TAFI-TASGIANTCRABTAS-1990-2007-JENSEN","Australia","Crabs, sea-spiders","Species","Tasmanian giant crab Tasmania","Pseudocarcinus gigas","RAM",1,2012,57.1,64.34785884,0.447,4.77,0.0754098600040324,3413.233168,NA,TRUE,TRUE
"373148","DFO-CROCKWCVANISOGQCI-1945-2009-STANTON","Canada","Miscellaneous demersal fishes","Species","Canary rockfish West Coast of Vancouver Island and Straight of Georgia and Queen Charlotte Islands","Sebastes pinniger","RAM",1,2012,800,713.7922747,1.37,0.737,0.232076088531678,12302.728458,NA,NA,NA
"373203","DFO-MAR-COD4VsW-1958-2002-PREFONTAINE","Canada","Cods, hakes, haddocks","Species","Atlantic cod NAFO 4VsW","Gadus morhua","RAM",1,2012,83,41561.90552,0.0814,0.0237,0.643886095943673,258194.1482,NA,TRUE,NA
"373263","DFO-MAR-COD4X-1953-2008-HIVELY","Canada","Cods, hakes, haddocks","Species","Atlantic cod NAFO 4X","Gadus morhua","RAM",1,2012,4130,46441.67604,0.0367,2.42,0.262698181995077,707148.8,NA,TRUE,TRUE
"373306","DFO-MAR-HAD4X5Y-1970-2011-CHING","Canada","Cods, hakes, haddocks","Species","Haddock NAFO-4X5Y","Melanogrammus aeglefinus","RAM",1,2012,5440,14700,0.822,0.305,0.40005605139071,146979.404,NA,TRUE,NA
"373369","DFO-NFLD-COD2J3KL-1850-2011-CHING","Canada","Cods, hakes, haddocks","Species","Atlantic cod NAFO 2J3KL","Gadus morhua","RAM",1,2012,2480,23602.7,0.0494,0.241,0.2,472054,NA,TRUE,NA
"373423","DFO-NFLD-COD3Ps-1959-2011-CHING","Canada","Cods, hakes, haddocks","Species","Atlantic cod NAFO 3Ps","Gadus morhua","RAM",1,2012,4320,37840.87448,0.779,0.146,1.92287860389109,78717.1367,NA,TRUE,NA
"373459","DFO-NFLD-MONK2J3KLNOPs-1977-2000-PREFONTAINE","Canada","Miscellaneous demersal fishes","Species","Monkfish Labrador Shelf - Grand Banks - St. Pierre Bank","Lophius americanus","RAM",0,2012,126,1425.564131,1.99,0.0413,2.35340818629731,2422.978112,NA,NA,NA
"373494","DFO-NFLD-SCALLGB-1978-2007-ANDERSON","Canada","Scallops, pectens","Species","Sea scallop Georges Bank","Placopecten magellanicus","RAM",1,2012,4000,6060.29031,1.79,0.368,0.832432377993918,29120.87742,NA,NA,NA
"373512","DFO-NFLD-SNOWCRAB2J-1995-2008-ANDERSON","Canada","Crabs, sea-spiders","Species","Snow Crab Division 2J","Chionoecetes opilio","RAM",1,2012,2410,4064.347539,0.36,1.65,1.69046539206736,9617.10913,NA,TRUE,TRUE
"373530","DFO-NFLD-SNOWCRAB3K-1995-2008-ANDERSON","Canada","Crabs, sea-spiders","Species","Snow Crab Division 3K","Chionoecetes opilio","RAM",1,2012,11600,14118.4366,1.6,0.515,3.14742378312472,17942.847958,NA,NA,NA
"373548","DFO-NFLD-SNOWCRAB3NO-1995-2008-ANDERSON","Canada","Crabs, sea-spiders","Species","Snow Crab Division 3NO","Chionoecetes opilio","RAM",1,2012,4390,4382.912079,0.437,2.29,2.29911390582426,7625.393536,NA,TRUE,TRUE
"373566","DFO-NFLD-SNOWCRAB3Ps-1995-2008-ANDERSON","Canada","Crabs, sea-spiders","Species","Snow Crab Division 3Ps","Chionoecetes opilio","RAM",1,2012,3180,4452.881377,0.257,2.77,6.46637172836494,2754.485244,NA,TRUE,TRUE
"373629","DFO-PAC-ESOLEHS-1944-2001-COLLIE","Canada","Flounders, halibuts, soles","Species","English sole Hecate Strait","Parophrys vetulus","RAM",1,2012,414,880.3487644,1.44,0.326,0.745079021976631,4726.203468,NA,NA,NA
"373691","DFO-PAC-HERRCC-1951-2007-COLLIE","Canada","Herrings, sardines, anchovies","Species","Pacific herring Central Coast","Clupea pallasii","RAM",0,2012,398,9602.157465,0.414,0.075,0.712204034859036,53929.25058,NA,TRUE,NA
"373753","DFO-PAC-HERRQCI-1951-2007-COLLIE","Canada","Herrings, sardines, anchovies","Species","Pacific herring Queen Charlotte Islands","Clupea pallasii","RAM",0,2012,0,6485.13635775,0.437,0,0.618833611507586,41918.4494,NA,TRUE,NA
"373815","DFO-PAC-HERRSOG-1951-2007-COLLIE","Canada","Herrings, sardines, anchovies","Species","Pacific herring Straight of Georgia","Clupea pallasii","RAM",0,2012,9820,25856.7994875,1.45,0.196,0.995998689071128,103842.7049,NA,NA,NA
"373877","DFO-PAC-HERRWCVANI-1951-2007-COLLIE","Canada","Herrings, sardines, anchovies","Species","Pacific herring West Coast of Vancouver Island","Clupea pallasii","RAM",0,2012,0,10763.15145,0.0468,0,0.470031578987343,91595.13472,NA,TRUE,NA
"373934","DFO-PAC-PCODHS-1956-2005-COLLIE","Canada","Cods, hakes, haddocks","Species","Pacific cod Hecate Strait","Gadus macrocephalus","RAM",0,2012,400,2204.66000983801,1.08,0.167994325073998,0.497609752813004,17722,NA,NA,NA
"373991","DFO-PAC-PCODWCVANI-1956-2002-COLLIE","Canada","Cods, hakes, haddocks","Species","Pacific cod West Coast of Vancouver Island","Gadus macrocephalus","RAM",0,2012,339,1119.16313669091,0.668,0.469,0.332539930676249,13462,NA,TRUE,NA
"374054","DFO-PAC-RSOLEHSTR-1945-2001-COLLIE","Canada","Flounders, halibuts, soles","Species","Rock sole Hecate Strait","Lepidopsetta bilineata","RAM",1,2012,575,1195.244587,0.984,0.489,0.484772235855519,9862.318826,NA,TRUE,NA
"374117","DFO-PAC-SABLEFPCAN-1913-2010-HIVELY","Canada","Miscellaneous demersal fishes","Species","Sablefish Pacific Coast of Canada","Anoplopoma fimbria","RAM",1,2012,2080,3230,0.785,1.14,0.197597503897188,65385.44134,NA,TRUE,TRUE
"374156","DFO-POLL4VWX5-1974-2008-CHING","Canada","Cods, hakes, haddocks","Species","Pollock NAFO-4VWX5","Pollachius virens","RAM",1,2012,5450,40135.22961,0.565,0.24,1.73223580591075,92678.4436,NA,TRUE,NA
"374205","DFO-QUE-COD3Pn4RS-1964-2012-CHING","Canada","Cods, hakes, haddocks","Species","Atlantic cod NAFO 3Pn4RS","Gadus morhua","RAM",1,2012,3580,155254.1994,0.0152,1.61,0.130310473983067,4765670.622,NA,TRUE,TRUE
"374268","DFO-SG-COD4TVn-1930-2011-CHING","Canada","Cods, hakes, haddocks","Species","Atlantic cod NAFO 4TVn","Gadus morhua","RAM",1,2012,158,71560.3723,0.0495,0.0447,0.206263128014311,1387749.1918,NA,TRUE,NA
"374297","DFO-SG-SNOWCRABSGSL-1984-2007-ANDERSON","Canada","Crabs, sea-spiders","Species","Snow crab Southern Gulf of St. Lawrence","Chionoecetes opilio","RAM",1,2012,23200,22221.11862,1.1,0.955,0.961762397917734,92418.3298,NA,NA,NA
"374411","FAJ-APOLLPJPN-1981-2009-ONO","Japan","Cods, hakes, haddocks","Species","Alaskan Pollock Pacific Coast of Japan","Theragra chalcogramma","RAM",0,2012,170000,447648.6704,0.17,2.23,0.174149835983941,10281920,NA,TRUE,TRUE
"374432","FAJ-BMACKECS-1992-2010-ONO","Japan","Miscellaneous pelagic fishes","Species","Blue mackerel East China Sea","Scomber australasicus","RAM",0,2012,40000,63761.05052,0.735,0.854,0.709698853992475,359369.6124,NA,TRUE,NA
"374450","FAJ-BMACKPJPN-1995-2009-ONO","Japan","Miscellaneous pelagic fishes","Species","Blue mackerel Pacific Coast of Japan","Scomber australacius","RAM",0,2012,177000,181924.149,0.943,1.03,0.648586552111401,1121972.9944,NA,TRUE,TRUE
"374483","FAJ-BRMSOJ-1980-2010-ONO","Japan","Miscellaneous coastal fishes","Species","Yellow sea bream Sea of Japan","Dentex tumifrons","RAM",0,2012,1220,6725.185762,0.159,1.13,0.385710453984437,69743.36,NA,TRUE,TRUE
"374526","FAJ-CMACKPJPN-1970-2009-ONO","Japan","Miscellaneous pelagic fishes","Species","Chub mackerel Pacific Coast of Japan","Scomber japonicus","RAM",0,2012,127000,744995.6988,0.118,1.45,0.257098917984036,11590802.554,NA,TRUE,TRUE
"374566","FAJ-CMACKTSST-1973-2010-ONO","Japan","Miscellaneous pelagic fishes","Species","Chub mackerel Tsushima Strait","Scomber japonicus","RAM",0,2012,206000,347420.4476,0.723,0.82,0.76258474790885,1822330.953,NA,TRUE,NA
"374601","FAJ-JANCHOPJPN-1978-2009-ONO","Japan","Herrings, sardines, anchovies","Species","Japanese anchovy Pacific Coast of Japan","Engraulis japonicus","RAM",0,2012,223000,198805.7955,0.593,1.42,0.323310173946552,2459629.316,NA,TRUE,TRUE
"374659","FAJ-JANCHOSETO-1955-2010-ONO","Japan","Herrings, sardines, anchovies","Species","Japanese anchovy Inland Sea of Japan","Engraulis japonicus","RAM",0,2012,72100,66024.959865,1.29,0.633,0.690600610475726,382420.5126,NA,NA,NA
"374696","FAJ-JANCHOTSST-1976-2010-ONO","Japan","Herrings, sardines, anchovies","Species","Japanese anchovy Tsushima Strait","Engraulis japonicus","RAM",0,2012,72500,65620.5142425,0.721,1.15,0.56315841147664,466089.2062,NA,TRUE,TRUE
"374727","FAJ-JMACKPJPN-1982-2009-ONO","Japan","Miscellaneous pelagic fishes","Species","Jack mackerel Pacific Coast of Japan","Trachurus japonicus","RAM",0,2012,26000,135602.7116,0.114,1.68,0.454920530059045,1192320,NA,TRUE,TRUE
"374767","FAJ-JMACKTSST-1973-2010-ONO","Japan","Miscellaneous pelagic fishes","Species","Japanese jack mackerel Tsushima Strait","Trachurus japonicus","RAM",0,2012,148000,190278.5791,0.733,1.06,0.611462029906,1244745.0196,NA,TRUE,TRUE
"374790","FAJ-OFLOUNPAC-1990-2009-ONO","Japan","Flounders, halibuts, soles","Species","Olive flounder Pacific Ocean","Paralichthys olivaceus","RAM",0,2012,3300,2404.999613,0.875,1.57,0.66987276392616,14360.933852,NA,TRUE,TRUE
"374816","FAJ-OFLOUNSETO-1987-2010-ONO","Japan","Flounders, halibuts, soles","Species","flounder Inland Sea of Japan","Paralichthys olivaceus","RAM",0,2012,761,959.3448982,0.79,1,0.775254453970426,4949.832372,NA,TRUE,NA
"374860","FAJ-RBRMECS-1969-2010-ONO","Japan","Miscellaneous coastal fishes","Species","Red seabream East China Sea","Pagrus major","RAM",0,2012,5840,6697.803191,0.578,1.51,0.4415388719975,60676.9063,NA,TRUE,TRUE
"374896","FAJ-RBRMSETOE-1977-2010-ONO","Japan","Miscellaneous coastal fishes","Species","Red seabream Inland Sea of Japan (East)","Pagrus major","RAM",0,2012,2060,2522.57718,0.428,1.91,0.406944660075721,24795.28474,NA,TRUE,TRUE
"374932","FAJ-RBRMSETOW-1977-2010-ONO","Japan","Miscellaneous coastal fishes","Species","Red seabream Inland Sea of Japan (West)","Pagrus major","RAM",0,2012,2270,2815.362322,0.99,0.815,0.646756945957199,17412.181436,NA,TRUE,NA
"374969","FAJ-RHERRTSST-1976-2010-ONO","Japan","Herrings, sardines, anchovies","Species","Round herring Tsushima Strait","Etrumeus teres","RAM",0,2012,22700,23425.4624325,0.895,0.813,0.578899994919249,161861.8942,NA,TRUE,NA
"375002","FAJ-SAURNWPAC-1980-2010-ONO","Japan","Miscellaneous pelagic fishes","Species","Pacific saury Northwest Pacific","Cololabis saira","RAM",0,2012,193000,1654095.012,1.55,0.0754,2.35984994858626,2803729.132,NA,NA,NA
"375028","FAJ-SPANMACKSETO-1987-2010-ONO","Japan","Tunas, bonitos, billfishes","Species","Japanese Spanish mackerel Inland Sea of Japan","Scomberomorus niphonius","RAM",0,2012,1440,1895.529146,0.457,1.67,0.375841559935922,20173.70454,NA,TRUE,TRUE
"371982","AFWG-CODNEAR-1946-2011-CHING","Multinational","Cods, hakes, haddocks","Species","Atlantic cod Northeast Arctic","Gadus morhua","RAM",0,2012,720000,769532.1649,1.26,0.741,0.533953757988873,5764785.084,NA,NA,NA
"372035","AFWG-GHALNEAR-1960-2010-NEUBAUER","Multinational","Flounders, halibuts, soles","Species","Greenland halibut Northeast Arctic","Reinhardtius hippoglossoides","RAM",0,2012,15700,40045.44643,0.508,0.772,0.192572455986015,831800.0874,NA,TRUE,NA
"372065","AFWG-GOLDREDNEAR-1983-2010-NEUBAUER","Multinational","Miscellaneous demersal fishes","Species","Golden Redfish Northeast Arctic","Sebastes norvegicus","RAM",0,2012,7740,23166.35964,0.0684,4.89,0.0812284699859747,1140800,NA,TRUE,TRUE
"372128","AFWG-HADNEAR-1947-2012-CHING","Multinational","Cods, hakes, haddocks","Species","Haddock Northeast Arctic","Melanogrammus aeglefinus","RAM",0,2012,310000,102304.070675913,1.99,1.13,0.525971847782011,778019.3644,NA,NA,TRUE
"372184","AFWG-POLLNEAR-1957-2012-CHING","Multinational","Cods, hakes, haddocks","Species","Pollock Northeast Arctic","Pollachius virens","RAM",0,2012,157000,187225.9076,1.08,0.774,0.544779958069972,1374690.1282,NA,NA,NA
"372414","CCAMLR-ATOOTHFISHRS-1995-2007-JENSEN","Multinational","Miscellaneous demersal fishes","Species","Antarctic toothfish Ross Sea","Dissostichus mawsoni","RAM",0,2012,3080,3105.3982,1.99,0.322,0.330323551542513,37604.3208,NA,NA,NA
"372477","CCSBT-SC-SBT-1950-2011-CHING","Multinational","Tunas, bonitos, billfishes","Species","Southern bluefin tuna Southern Oceans","Thunnus maccoyii","RAM",0,2012,9510,34547.1,0.23,0.76,0.181438110237875,761628.303,NA,TRUE,NA
"374379","EWG-BS-WHITBLACK-1994-2011-HIVELY","Multinational","Cods, hakes, haddocks","Species","Whiting Black Sea","Merlangius merlangus","RAM",0,2012,8220,4287.69302002626,1.57,1.66,0.22392967559248,76589.99208,NA,NA,TRUE
"375050","HAWG-HERR2224IIIa-1991-2011-NEUBAUER","Multinational","Herrings, sardines, anchovies","Species","Herring ICES 22-24-IIIa","Clupea harengus","RAM",0,2012,42200,15920.9693164872,1.49,1.21,0.289472169390676,220000,NA,NA,TRUE
"375103","HAWG-HERRNIRS-1960-2010-NEUBAUER","Multinational","Herrings, sardines, anchovies","Species","Herring Northern Irish Sea","Clupea harengus","RAM",0,2012,4890,31556.88927,0.0711,1.63,0.142986229512802,882795.2,NA,TRUE,TRUE
"375156","HAWG-HERRNS-1960-2011-NEUBAUER","Multinational","Herrings, sardines, anchovies","Species","Herring North Sea","Clupea harengus","RAM",0,2012,188000,269338.429012762,0.888,0.47,0.167372774816353,6436851.616,NA,TRUE,NA
"375212","HAWG-HERRSIRS-1957-2010-NEUBAUER","Multinational","Herrings, sardines, anchovies","Species","Herring ICES VIIa-g-h-j","Clupea harengus","RAM",0,2012,8370,4883.12672306837,1.99,0.338,0.133179839330662,146662.64046,NA,NA,NA
"375269","HAWG-HERRVIa-1956-2010-NEUBAUER","Multinational","Herrings, sardines, anchovies","Species","Herring ICES VIa","Clupea harengus","RAM",0,2012,19900,52960.1299129336,1.45,1.06,0.198121679712091,1069244.5166,NA,NA,TRUE
"375326","HAWG-HERRVIaVIIbc-1956-2010-NEUBAUER","Multinational","Herrings, sardines, anchovies","Species","Herring ICES VIa-VIIb-VIIc","Clupea harengus","RAM",0,2012,10200,11747.2949185745,0.306,2.19,0.186029707794264,252589.6548,NA,TRUE,TRUE
"375364","IATTC-BIGEYEEPAC-1975-2011-BRANCH","Multinational","Tunas, bonitos, billfishes","Species","Bigeye tuna Eastern Pacific","Thunnus obesus","RAM",0,2012,81400,80963,1.24,0.93,0.520249191156863,622494,NA,NA,NA
"375423","IATTC-STMARLINNEPAC-1954-2009-BRANCH","Multinational","Tunas, bonitos, billfishes","Species","Striped marlin Northeast Pacific","Kajikia audax","RAM",0,2012,1360,2596,1.52,0.0754,1.58969351869999,6532.076704,NA,NA,NA
"375486","IATTC-SWORDEPAC-1950-2010-CHING","Multinational","Tunas, bonitos, billfishes","Species","Swordfish Eastern Pacific","Xiphias gladius","RAM",0,2012,13400,20000,1.99,0.06,1.06656228975241,75007.33972,NA,NA,NA
"375524","IATTC-YFINEPAC-1975-2011-BRANCH","Multinational","Tunas, bonitos, billfishes","Species","Yellowfin tuna Eastern Pacific","Thunnus albacares","RAM",0,2012,256000,262857,0.713,1.13,1.48105973101043,709916,NA,TRUE,TRUE
"375581","ICCAT-ALBAMED-1956-2011-CHING","Multinational","Tunas, bonitos, billfishes","Species","Albacore tuna Mediterranean","Thunnus alalunga","RAM",0,2012,2120,28900,1.89,0.06,0.487780178233864,236992,NA,NA,NA
"375644","ICCAT-ALBANATL-1950-2010-CHING","Multinational","Tunas, bonitos, billfishes","Species","Albacore tuna North Atlantic","Thunnus alalunga","RAM",0,2012,22000,29000,0.63,1.05,0.679623591462838,170682.71534,NA,TRUE,TRUE
"375701","ICCAT-ALBASATL-1956-2010-CHING","Multinational","Tunas, bonitos, billfishes","Species","Albacore tuna South Atlantic","Thunnus alalunga","RAM",0,2012,18900,27964,0.9,0.750965527106279,0.278878569197285,401092.1324,NA,TRUE,NA
"375764","ICCAT-ATBTUNAEATL-1950-2010-CHING","Multinational","Tunas, bonitos, billfishes","Species","Bluefin tuna Eastern Atlantic","Thunnus thynnus","RAM",0,2012,20500,50000,0.45,0.78,0.211479346708542,945718.8284,NA,TRUE,NA
"375827","ICCAT-ATBTUNAWATL-1950-2010-CHING","Multinational","Tunas, bonitos, billfishes","Species","Bluefin tuna Western Atlantic","Thunnus thynnus","RAM",0,2012,1980,4457,0.41,0.45,0.148596504250334,119975.90448,NA,TRUE,NA
"375890","ICCAT-BIGEYEATL-1950-2010-CHING","Multinational","Tunas, bonitos, billfishes","Species","Bigeye tuna Atlantic","Thunnus obesus","RAM",0,2012,87900,92000,1.01,0.95,0.431473085034788,852892.1334,NA,NA,NA
"375947","ICCAT-BMARLINATL-1956-2010-CHING","Multinational","Tunas, bonitos, billfishes","Species","Blue marlin Atlantic","Makaira nigricans","RAM",0,2012,3430,2000,0.55,3.11818181818182,0.123022006053421,65029.016,NA,TRUE,TRUE
"376004","ICCAT-SAILEATL-1956-2010-CHING","Multinational","Tunas, bonitos, billfishes","Species","Sailfish Eastern Atlantic","Istiophorus albicans","RAM",0,2012,1950,851,0.26,8.81316098707403,0.11522076867597,29543.28494,NA,TRUE,TRUE
"376061","ICCAT-SAILWATL-1956-2010-CHING","Multinational","Tunas, bonitos, billfishes","Species","Sailfish Western Atlantic","Istiophorus albicans","RAM",0,2012,1490,850,0.28,6.26050420168067,0.0820894856807375,41418.2154,NA,TRUE,TRUE
"376124","ICCAT-SKJEATL-1950-2010-CHING","Multinational","Tunas, bonitos, billfishes","Species","Skipjack tuna Eastern Atlantic","Katsuwonus pelamis","RAM",0,2012,116000,156500,1.71,0.27,0.81491306403551,768180.1012,NA,NA,NA
"376185","ICCAT-SKJWATL-1952-2010-CHING","Multinational","Tunas, bonitos, billfishes","Species","Skipjack tuna Western Atlantic","Katsuwonus pelamis","RAM",0,2012,26500,33000,1.67,0.32,0.659662616873925,200102.2896,NA,NA,NA
"376248","ICCAT-SWORDMED-1950-2009-CHING","Multinational","Tunas, bonitos, billfishes","Species","Swordfish Mediterranean Sea","Xiphias gladius","RAM",0,2012,12200,14600,0.96,0.89,0.396136333597371,147423.99282,NA,TRUE,NA
"376311","ICCAT-SWORDNATL-1950-2010-CHING","Multinational","Tunas, bonitos, billfishes","Species","Swordfish North Atlantic","Xiphias gladius","RAM",0,2012,12300,13730,1.02,0.87828284992074,0.444080739838823,123671.20452,NA,NA,NA
"376374","ICCAT-SWORDSATL-1950-2010-CHING","Multinational","Tunas, bonitos, billfishes","Species","Swordfish South Atlantic","Xiphias gladius","RAM",0,2012,12500,15000,1.04,0.801282051282051,0.631236869610313,95051.48208,NA,NA,NA
"376431","ICCAT-WMARLINATL-1956-2011-CHING","Multinational","Tunas, bonitos, billfishes","Species","White marlin Atlantic","Tetrapturus albidus","RAM",0,2012,434,1239,0.4,0.84,0.152790614395403,32436.54736,NA,TRUE,NA
"376494","ICCAT-YFINATL-1950-2011-CHING","Multinational","Tunas, bonitos, billfishes","Species","Yellowfin tuna Atlantic","Thunnus albacares","RAM",0,2012,108000,144600,0.67,1.15,0.514093541579271,1125087.077,NA,TRUE,TRUE
"376528","IFOP-BWHITCH-1979-2012-CHING","Multinational","Cods, hakes, haddocks","Species","Blue Whiting Chile","Micromesistius poutassou","RAM",0,2012,20100,22102.87052,1.64,0.555,0.116915532022433,756199.6302,NA,NA,NA
"376564","IFOP-PATGRENADIERCH-1977-2012-CHING","Multinational","Cods, hakes, haddocks","Species","Patagonian grenadier Chile","Macruronus magellanicus","RAM",1,2012,56900,162997.6142,0.124,2.81,0.101874733982348,6399923.036,NA,TRUE,TRUE
"376600","IFOP-SOUTHHAKECH-1977-2011-CHING","Multinational","Cods, hakes, haddocks","Species","South Hake Chile","Merluccius australis","RAM",0,2012,12500,8694.722162,0.94,1.53,0.0398775399995234,872142.2798,NA,TRUE,TRUE
"376645","IFOP-SPHAKECH-1968-2012-CHING","Multinational","Cods, hakes, haddocks","Species","South Pacific Hake Chile","Merluccius gayi","RAM",1,2012,45100,66724.16263,0.496,1.36,0.191323133997064,1395004.5922,NA,TRUE,TRUE
"376915","IOTC-ALBAIO-1950-2010-CHING","Multinational","Tunas, bonitos, billfishes","Species","Albacore tuna Indian Ocean","Thunnus alalunga","RAM",0,2012,42900,27022,1.08,0.94,0.192969774341287,560129.1724,NA,NA,NA
"376978","IOTC-BIGEYEIO-1950-2010-CHING","Multinational","Tunas, bonitos, billfishes","Species","Bigeye tuna Indian Ocean","Thunnus obesus","RAM",0,2012,109000,114000,1.2,0.79,0.607631780326247,750454.4936,NA,NA,NA
"377041","IOTC-SKJCIO-1950-2010-CHING","Multinational","Tunas, bonitos, billfishes","Species","Skipjack tuna Indian Ocean","Katsuwonus pelamis","RAM",0,2012,460000,564000,1.99,0.81,2.27488880439824,991696.823,NA,NA,NA
"377104","IOTC-SWORDIO-1950-2010-CHING","Multinational","Tunas, bonitos, billfishes","Species","Swordfish Indian Ocean","Xiphias gladius","RAM",0,2012,20800,36417,1.59,0.43,0.427322953616899,340885.035,NA,NA,NA
"377145","IOTC-YFINEIO-1972-2009-BRANCH","Multinational","Tunas, bonitos, billfishes","Species","Yellowfin tuna Indian Ocean","Thunnus albacares","RAM",0,2012,285000,235640,0.993,1.15,0.371379038613081,2538000,NA,TRUE,TRUE
"377162","IPHC-PHALNPAC-1990-2011-STACHURA","Multinational","Flounders, halibuts, soles","Species","Pacific halibut North Pacific","Hippoglossus stenolepis","RAM",0,2012,23300,29210.93905,0.495,2.26,0.254463205939838,459177.4114,NA,TRUE,TRUE
"377223","ISC-ALBANPAC-1952-2010-CHING","Multinational","Tunas, bonitos, billfishes","Species","Albacore tuna North Pacific","Thunnus alalunga","RAM",0,2012,78000,119094,1.18,0.73,0.297564793124311,1600915.199,NA,NA,NA
"377284","ISC-BMARLINPAC-1952-2010-CHING","Multinational","Tunas, bonitos, billfishes","Species","Blue marlin Pacific Ocean","Makaira nigricans","RAM",0,2012,21300,18000,0.548,1.16,0.147024649907762,489713.8,NA,TRUE,TRUE
"377345","ISC-PACBTUNA-1952-2008-CHING","Multinational","Tunas, bonitos, billfishes","Species","Pacific bluefin tuna Pacific Ocean","Thunnus orientalis","RAM",0,2012,22700,17345,0.44,2.71,0.189473968609772,366171.6726,NA,TRUE,TRUE
"377407","ISC-STMARLINWCNPAC-1951-2010-CHING","Multinational","Tunas, bonitos, billfishes","Species","Striped marlin Western and Central North Pacific","Kajikia audax","RAM",0,2012,2560,5378,0.41,1.37,0.529969186430654,40591.03916,NA,TRUE,TRUE
"377468","ISC-SWORDNPAC-1952-2010-CHING","Multinational","Tunas, bonitos, billfishes","Species","Swordfish North Pacific","Xiphias gladius","RAM",0,2012,1920,15039,1.99,0.54,0.712357781891582,84446.32954,NA,NA,NA
"377771","NAFO-SC-AMPL3LNO-1955-2007-BAUM","Multinational","Flounders, halibuts, soles","Species","American Plaice NAFO-3LNO","Hippoglossoides platessoides","RAM",1,2012,2830,41378.56121,0.0795,0.859,0.149408892017959,1107793.804,NA,TRUE,NA
"377824","NAFO-SC-AMPL3M-1960-2007-BAUM","Multinational","Flounders, halibuts, soles","Species","American Plaice NAFO-3M","Hippoglossoides platessoides","RAM",1,2012,0,473.9812375,0.0357,0,0.0179311219992555,105733.76,NA,TRUE,NA
"377877","NAFO-SC-COD3M-1960-2012-CHING","Multinational","Cods, hakes, haddocks","Species","Atlantic cod NAFO 3M","Gadus morhua","RAM",1,2012,13900,20472.7478,0.714,0.951,0.497223008017811,164696.70526,NA,TRUE,NA
"377937","NAFO-SC-COD3NO-1953-2011-CHING","Multinational","Cods, hakes, haddocks","Species","Atlantic cod NAFO 3NO","Gadus morhua","RAM",1,2012,819,23566.91259,0.188,0.184,1.17339731621225,80337.3666,NA,TRUE,NA
"377990","NAFO-SC-GHAL23KLMNO-1960-2006-PREFONTAINE","Multinational","Flounders, halibuts, soles","Species","Greenland halibut NAFO 23KLMNO","Reinhardtius hippoglossoides","RAM",1,2012,24000,35532.56824,0.393,1.72,0.365009699999224,389387.66,NA,TRUE,TRUE
"378044","NAFO-SC-REDFISHSPP3LN-1959-2008-BAUM","Multinational","Miscellaneous demersal fishes","Species","Redfish species NAFO 3LN","Sebastes spp","RAM",0,2012,1660,24440,1.85,0.0407,0.34446793516561,283800,NA,NA,NA
"378072","NAFO-SC-REDFISHSPP3M-1985-2006-PREFONTAINE","Multinational","Miscellaneous demersal fishes","Species","Redfish species NAFO 3M","Sebastes spp","RAM",0,2012,4120,26387.53598,0.805,0.194,0.293040196003184,360189.9854,NA,TRUE,NA
"378125","NAFO-SC-YELL3LNO-1960-2009-BAUM","Multinational","Flounders, halibuts, soles","Species","Yellowtail Flounder NAFO 3LNO","Limanda ferruginea","RAM",1,2012,4620,18820,1.63,0.146,0.511552052188095,147160,NA,NA,NA
"382219","NWWG-CAPEICE-1977-2010-NEUBAUER","Multinational","Miscellaneous pelagic fishes","Species","Capelin Iceland","Mallotus villosus","RAM",0,2012,15000,2628157.463,1.99,0.0183,1.74244286017583,6033270.928,NA,NA,NA
"382273","NWWG-CODFAPL-1959-2012-CHING","Multinational","Cods, hakes, haddocks","Species","Atlantic cod Faroe Plateau","Gadus morhua","RAM",0,2012,9900,13739.0590518596,0.501,1.35,0.359314083761222,152947.6263,NA,TRUE,TRUE
"382334","NWWG-CODICE-1952-2012-CHING","Multinational","Cods, hakes, haddocks","Species","Atlantic cod Iceland","Gadus morhua","RAM",0,2012,172000,379257.4757,0.528,0.858,0.424643276000265,3572480.688,NA,TRUE,NA
"382392","NWWG-HADFAPL-1955-2012-CHING","Multinational","Cods, hakes, haddocks","Species","Haddock Faroe Plateau","Melanogrammus aeglefinus","RAM",0,2012,3490,35000,0.143,1.05,0.442398433987406,316456.8164,NA,TRUE,TRUE
"382428","NWWG-HADICE-1977-2012-CHING","Multinational","Cods, hakes, haddocks","Species","Haddock Iceland","Melanogrammus aeglefinus","RAM",0,2012,49400,76057.27287,0.406,1.6,0.446820423990255,680875.5266,NA,TRUE,TRUE
"382457","NWWG-HERRIsum-1984-2011-NEUBAUER","Multinational","Herrings, sardines, anchovies","Species","Herring Iceland (Summer spawners)","Clupea harengus","RAM",0,2012,43000,54825.9602530061,1.27,0.591,0.231176318881187,948643.1918,NA,NA,NA
"382512","NWWG-POLLFAPL-1958-2012-CHING","Multinational","Cods, hakes, haddocks","Species","Pollock Faroe Plateau","Pollachius virens","RAM",0,2012,29100,23211.6565434669,1.25,1.29,0.334614138066317,277473.7096,NA,NA,TRUE
"382548","NWWG-POLLIEG-1977-2012-CHING","Multinational","Cods, hakes, haddocks","Species","Pollock or saithe Iceland Grounds","Pollachius virens","RAM",0,2012,51100,65000,0.879,0.929,0.488432517132277,532315.0914,NA,TRUE,NA
"385105","SPC-ALBASPAC-1965-2007-BRANCH","Multinational","Tunas, bonitos, billfishes","Species","Albacore tuna South Pacific Ocean","Thunnus alalunga","RAM",0,2012,49300,97610,1.39,0.358,0.282109826589595,1384000,NA,NA,NA
"385166","SPC-BIGEYECWPAC-1952-2010-CHING","Multinational","Tunas, bonitos, billfishes","Species","Bigeye tuna Central Western Pacific","Thunnus obesus","RAM",0,2012,117000,74993,1.09,1.21,0.294658896878054,1018031.3684,NA,NA,TRUE
"385227","SPC-BIGEYEWPO-1952-2006-JENSEN","Multinational","Tunas, bonitos, billfishes","Species","Bigeye tuna Western Pacific Ocean","Thunnus obesus","RAM",0,2012,107000,64600,1.21,1.38,0.517628205128205,499200,NA,NA,TRUE
"385290","SPC-SKJCWPAC-1950-2011-CHING","Multinational","Tunas, bonitos, billfishes","Species","Skipjack tuna Central Western Pacific","Katsuwonus pelamis","RAM",0,2012,1680000,1503600,1.99,0.52,0.811388179761483,7412481.658,NA,NA,NA
"385351","SPC-STMARLINSWPO-1952-2011-CHING","Multinational","Tunas, bonitos, billfishes","Species","Striped marlin Southwestern Pacific Ocean","Kajikia audax","RAM",0,2012,1520,2081,0.91,0.81,0.568176980806129,14650.36473,NA,TRUE,NA
"385412","SPC-YFINCWPAC-1952-2010-CHING","Multinational","Tunas, bonitos, billfishes","Species","Yellowfin tuna Central Western Pacific","Thunnus albacares","RAM",0,2012,507000,538800,1.37,0.82,0.789474691181747,2729916.518,NA,NA,NA
"385475","SPRFMO-CHTRACCH-1950-2010-RICARD","Multinational","Miscellaneous pelagic fishes","Species","Chilean jack mackerel Chilean EEZ and offshore","Trachurus murphyi","RAM",0,2012,744000,2124334.798,0.101,3.48,0.181088952003304,46923564.9,NA,TRUE,TRUE
"386172","WGBFAS-CODBA2224-1965-2012-CHING","Multinational","Cods, hakes, haddocks","Species","Atlantic cod Baltic Areas 22 and 24","Gadus morhua","RAM",0,2012,16300,23000,0.717,1.68,0.442398433756436,207957.3366,NA,TRUE,TRUE
"386219","WGBFAS-CODBA2532-1966-2012-CHING","Multinational","Cods, hakes, haddocks","Species","Atlantic cod Baltic Areas 25-32","Gadus morhua","RAM",0,2012,50400,116089.23241674,0.35,0.857,0.279316649127577,1662474.9406,NA,TRUE,NA
"386264","WGBFAS-CODIS-1968-2010-NEUBAUER","Multinational","Cods, hakes, haddocks","Species","Atlantic cod Irish Sea","Gadus morhua","RAM",0,2012,1190,771.524632620992,0.916,2.98,0.278989016815071,11061.720514,NA,TRUE,TRUE
"386306","WGBFAS-CODKAT-1971-2012-CHING","Multinational","Cods, hakes, haddocks","Species","Atlantic cod Kattegat","Gadus morhua","RAM",0,2012,361,9226.370795,0.0431,0.968,0.207602026008319,177770.34208,NA,TRUE,NA
"386348","WGBFAS-CODVIIek-1971-2012-CHING","Multinational","Cods, hakes, haddocks","Species","Atlantic Cod Celtic Sea","Gadus morhua","RAM",0,2012,4720,10300,0.748,0.973,0.65935990796488,62484.8425,NA,TRUE,NA
"386388","WGBFAS-HERR2532-1973-2011-NEUBAUER","Multinational","Herrings, sardines, anchovies","Species","Herring ICES 25-32","Clupea harengus","RAM",0,2012,137000,86053.5139276605,0.693,1.98,0.144078611946876,2389071.154,NA,TRUE,TRUE
"386429","WGBFAS-HERR30-1972-2011-NEUBAUER","Multinational","Herrings, sardines, anchovies","Species","Herring ICES 30","Clupea harengus","RAM",0,2012,71700,20700.0315430428,1.99,0.701,0.207000315430428,4e+05,NA,NA,NA
"386463","WGBFAS-HERR31-1979-2010-NEUBAUER","Multinational","Herrings, sardines, anchovies","Species","Herring ICES 31","Clupea harengus","RAM",0,2012,2080,4487.78677425,0.178,1.39,0.121151696992071,148170.82668,NA,TRUE,TRUE
"386500","WGBFAS-HERRRIGA-1976-2011-NEUBAUER","Multinational","Herrings, sardines, anchovies","Species","Herring ICES 28","Clupea harengus","RAM",0,2012,30200,12058.0848386229,1.28,1.23,0.261845529783913,184201.5,NA,NA,TRUE
"386540","WGBFAS-SPRAT22-32-1973-2011-NEUBAUER","Multinational","Herrings, sardines, anchovies","Species","Sprat ICES Baltic Areas 22-32","Sprattus sprattus","RAM",0,2012,342000,139356.187101008,1.27,1.17,0.23660742914853,2355905.52,NA,NA,TRUE
"386572","WGCSE-CODVIa-1981-2012-CHING","Multinational","Cods, hakes, haddocks","Species","Atlantic cod West of Scotland","Gadus morhua","RAM",0,2012,6360,3042.56685296612,0.176,5.01,0.171707544371167,70877.884,NA,TRUE,TRUE
"386599","WGHMM-FMEG8c9a-1986-2010-NEUBAUER","Multinational","Flounders, halibuts, soles","Species","Fourspotted megrim ICES VIIIc-IXa","Lepidorhombus boscii","RAM",0,2012,1300,3634.669725,0.167,2.14,0.219949224026084,66100.16,NA,TRUE,TRUE
"386651","WGHMM-HAKENRTN-1961-2011-CHING","Multinational","Cods, hakes, haddocks","Species","Hake Northeast Atlantic North","Merluccius merluccius","RAM",0,2012,72800,108888.917733659,0.354,1.63,0.440495136720543,988786.56,NA,TRUE,TRUE
"386692","WGHMM-HAKESOTH-1972-2011-CHING","Multinational","Cods, hakes, haddocks","Species","Hake Northeast Atlantic South","Merluccius merluccius","RAM",0,2012,3000,8655.8751147427,0.971,0.356936567505694,0.304528187789143,113695.55216,NA,TRUE,NA
"386720","WGHMM-MEG8c9a-1985-2010-NEUBAUER","Multinational","Flounders, halibuts, soles","Species","Megrim ICES VIIIc-IXa","Lepidorhombus whiffiagonis","RAM",0,2012,83,1079.033563,0.0862,0.892,0.197252366040744,21881.28,NA,TRUE,NA
"386751","WGHMM-SOLEVIII-1982-2011-NEUBAUER","Multinational","Flounders, halibuts, soles","Species","common European sole Bay of Biscay","Solea vulgaris","RAM",0,2012,3970,3486.8130309483,0.664,1.51,0.348830801511433,39982.8572,NA,TRUE,TRUE
"386778","WGMHSA-ANCHOBAYB-1986-2007-JENNINGS","Multinational","Herrings, sardines, anchovies","Species","Anchovy ICES VIII","Engraulis encrasicolus","RAM",0,2012,2250,31001.8869225,0.62,0.0689,0.906577992089609,136786.40864,NA,TRUE,NA
"386819","WGMHSA-MACKNEICES-1972-2007-JENNINGS","Multinational","Miscellaneous pelagic fishes","Species","Mackerel ICES Northeast Atlantic","Scomber scombrus","RAM",0,2012,473000,691923.0983,1.21,0.566,0.573249502028075,4828076.402,NA,NA,NA
"386854","WGMHSA-SARDPVIIIc-IXa-1978-2011-NEUBAUER","Multinational","Herrings, sardines, anchovies","Species","European pilchard ICES VIIIc-IXa","Sardina pilchardus","RAM",0,2012,89600,105892.808175,0.475,0.954,0.356027359437368,1189715.401,NA,TRUE,NA
"386887","WGNPBW-BWHITNEA-1980-2012-CHING","Multinational","Cods, hakes, haddocks","Species","Blue Whiting Northeast Atlantic","Micromesistius poutassou","RAM",0,2012,104000,585155.357446952,0.845,0.239,0.204606196889437,11439640.956,NA,TRUE,NA
"386923","WGNSDS-HADVIa-1977-2012-CHING","Multinational","Cods, hakes, haddocks","Species","Haddock West of Scotland","Melanogrammus aeglefinus","RAM",0,2012,3280,8905.55316347579,0.509,0.729,0.21900496188126,162654.82,NA,TRUE,NA
"386944","WGNSDS-PLAICIS-1992-2010-NEUBAUER","Multinational","Flounders, halibuts, soles","Species","European Plaice Irish Sea","Pleuronectes platessa","RAM",0,2012,2890,6029.04185,1.99,0.26,0.400789781994135,60171.61236,NA,NA,NA
"386989","WGNSDS-SOLEIS-1968-2011-NEUBAUER","Multinational","Flounders, halibuts, soles","Species","common European sole Irish Sea","Solea vulgaris","RAM",0,2012,2010,782.458717426452,0.203,1.91,0.215652261076364,14513.341312,NA,TRUE,TRUE
"387022","WGNSDS-WHITVIa-1980-2012-CHING","Multinational","Cods, hakes, haddocks","Species","Whiting ICES VIa","Merlangius merlangus","RAM",0,2012,488,9576.436857,0.241,0.212,0.4623528680208,82849.59406,NA,TRUE,NA
"387073","WGNSSK-CODCOASTNOR-1962-2011-CHING","Multinational","Cods, hakes, haddocks","Species","Atlantic cod coastal Norway","Gadus morhua","RAM",0,2012,69300,377905.478258233,0.0459,3.56,0.184451985261389,8195205.44,NA,TRUE,TRUE
"387124","WGNSSK-CODNS-1962-2011-NEUBAUER","Multinational","Cods, hakes, haddocks","Species","Atlantic cod North Sea","Gadus morhua","RAM",0,2012,69300,383694.40560659,0.0459,3.56,0.187277504348489,8195205.44,NA,TRUE,TRUE
"387174","WGNSSK-HADNS-IIIa-1963-2012-CHING","Multinational","Cods, hakes, haddocks","Species","Haddock ICES IIIa and North Sea","Melanogrammus aeglefinus","RAM",0,2012,46400,140000,0.77,0.993,0.518363558628322,1080322.8558,NA,TRUE,NA
"387197","WGNSSK-HADROCK-1990-2012-CHING","Multinational","Cods, hakes, haddocks","Species","Haddock Rockall Bank","Melanogrammus aeglefinus","RAM",0,2012,2060,9000,0.329,0.414,0.518363558660311,69449.32644,NA,TRUE,NA
"387227","WGNSSK-NPOUTNS-1983-2011-NEUBAUER","Multinational","Cods, hakes, haddocks","Species","Norway pout North Sea","Trisopterus esmarkii","RAM",0,2012,126000,154440.4664,1.93,0.409,0.927155167802754,666298.2498,NA,NA,NA
"387261","WGNSSK-PLAIC7d-1979-2010-NEUBAUER","Multinational","Flounders, halibuts, soles","Species","European Plaice ICES VIId","Pleuronectes platessa","RAM",0,2012,3180,5654.331745,0.37,1.52,0.453205347962844,49905.25174,NA,TRUE,TRUE
"387298","WGNSSK-PLAICIIIa-1976-2006-MINTO","Multinational","Flounders, halibuts, soles","Species","European Plaice ICES IIIa","Pleuronectes platessa","RAM",0,2012,9410,11052.05374,1.16,0.822,0.511878938022195,86364.59068,NA,NA,NA
"387355","WGNSSK-PLAICNS-1956-2010-NEUBAUER","Multinational","Flounders, halibuts, soles","Species","European Plaice North Sea","Pleuronectes platessa","RAM",0,2012,106000,64148.344702182,1.94,0.96,0.21019821973636,1220720.9896,NA,NA,NA
"387404","WGNSSK-POLLNS-VI-IIIa-1964-2012-CHING","Multinational","Cods, hakes, haddocks","Species","Pollock ICES IIIa, VI and North Sea","Pollachius virens","RAM",0,2012,97100,2e+05,0.561,0.947,0.518363558637919,1543318.3654,NA,TRUE,NA
"387434","WGNSSK-SEELNSSA1-1983-2011-NEUBAUER","Multinational","Miscellaneous coastal fishes","Species","Sandeel North Sea Area 1","Ammodytes marinus","RAM",0,2012,286000,446474.8192,1.3,0.494,0.753700013916636,2369509.412,NA,NA,NA
"387464","WGNSSK-SEELNSSA2-1983-2011-NEUBAUER","Multinational","Miscellaneous coastal fishes","Species","Sandeel North Sea Area 2","Ammodytes marinus","RAM",0,2012,30500,94705.97287,1.28,0.252,0.603624182017048,627582.3646,NA,NA,NA
"387494","WGNSSK-SEELNSSA3-1983-2011-NEUBAUER","Multinational","Miscellaneous coastal fishes","Species","Sandeel North Sea Area 3","Ammodytes marinus","RAM",0,2012,78100,1416295.041,0.072,0.765,0.463257540104643,12229008,NA,TRUE,NA
"387525","WGNSSK-SOLEIIIa-1982-2011-NEUBAUER","Multinational","Flounders, halibuts, soles","Species","common European sole ICES Kattegat and Skagerrak","Solea vulgaris","RAM",0,2012,538,564.545396079562,1.04,0.892,0.464466122819224,4861.886526,NA,NA,NA
"387582","WGNSSK-SOLENS-1956-2010-NEUBAUER","Multinational","Flounders, halibuts, soles","Species","common European sole North Sea","Solea vulgaris","RAM",0,2012,12600,12100.4087857102,0.698,1.55,0.357775824617052,135284.81192,NA,TRUE,TRUE
"387614","WGNSSK-SOLEVIId-1981-2011-NEUBAUER","Multinational","Flounders, halibuts, soles","Species","common European sole ICES VIId","Solea vulgaris","RAM",0,2012,4390,2870.60994625523,1.45,1.57,0.389190122795808,29503.42034,NA,NA,TRUE
"387638","WGNSSK-WHITNS-VIId-1989-2012-CHING","Multinational","Cods, hakes, haddocks","Species","Whiting NS-VIId","Merlangius merlangus","RAM",0,2012,32000,132176.0705,1.84,0.131,0.783208863831939,675048.9,NA,NA,NA
"387664","WGSSDS-HADVIIb-k-1987-2012-CHING","Multinational","Cods, hakes, haddocks","Species","Haddock ICES VIIb-k","Melanogrammus aeglefinus","RAM",0,2012,26800,3482.14242114061,1.99,1.59,0.219745075004613,63385.1279,NA,NA,TRUE
"387685","WGSSDS-PLAICCELT-1992-2010-NEUBAUER","Multinational","Flounders, halibuts, soles","Species","European Plaice ICES VIIf-g","Pleuronectes platessa","RAM",0,2012,1020,1164.176314,1.32,0.741,0.598751600246611,7777.357512,NA,NA,NA
"387719","WGSSDS-PLAICECHW-1979-2010-NEUBAUER","Multinational","Flounders, halibuts, soles","Species","European Plaice ICES VIIe","Pleuronectes platessa","RAM",0,2012,1230,1012.85632818988,1.22,1.46,0.319123620042304,12695.473034,NA,NA,TRUE
"387762","WGSSDS-SOLECS-1970-2011-NEUBAUER","Multinational","Flounders, halibuts, soles","Species","common European sole Celtic Sea","Solea vulgaris","RAM",0,2012,0.26,0.279890721935377,1.99,1.18,0.000218272268978084,5129.203508,NA,NA,TRUE
"387807","WGSSDS-SOLEVIIe-1968-2010-NEUBAUER","Multinational","Flounders, halibuts, soles","Species","common European sole Western English Channel","Solea vulgaris","RAM",0,2012,688,720.579301642738,0.948,0.915,0.411467545272186,7004.968532,NA,TRUE,NA
"387839","WGSSDS-WHITVIIek-1981-2012-CHING","Multinational","Cods, hakes, haddocks","Species","Whiting ICES VIIe-k","Merlangius merlangus","RAM",0,2012,9080,21000,1.05,0.671,0.604647347847604,138923.95344,NA,NA,NA
"379689","NIWA-AUSSALMONNZ-1975-2006-JENSEN","New Zealand","Miscellaneous coastal fishes","Species","Australian salmon New Zealand","Arripis trutta","RAM",1,2012,2240,3371.82,1.64,0.328,0.519780369909515,25948.03648,NA,NA,NA
"379752","NIWA-BKCDLFENI-1923-2009-CORDUE","New Zealand","Miscellaneous demersal fishes","Species","Black cardinalfish East coast of North Island","Epigonus telescopus","RAM",1,2012,980,666,0.429,4.16,0.219999999983483,12109.09091,NA,TRUE,TRUE
"379791","NIWA-BLACKOREOPR-1974-2009-CORDUE","New Zealand","Miscellaneous demersal fishes","Species","Black Oreo Pukaki Rise","Allocyttus niger","RAM",1,2012,3350,670,1.43,3.5,0.180000000010746,14888.888888,NA,NA,TRUE
"379840","NIWA-GSTRGZRSTA7-1964-2007-CORDUE","New Zealand","Miscellaneous demersal fishes","Species","Giant stargazer NZ Area STA7","Kathetostoma giganteum","RAM",1,2012,958,608,1.43,1.28,0.205878369226602,11812.8,NA,NA,TRUE
"379883","NIWA-HOKIENZ-1970-2012-CORDUE","New Zealand","Cods, hakes, haddocks","Species","Hoki Eastern New Zealand","Macruronus novaezelandiae","RAM",1,2012,43400,86000,1.99,0.382,0.56000000007814,614285.7142,NA,NA,NA
"379926","NIWA-HOKIWNZ-1970-2012-CORDUE","New Zealand","Cods, hakes, haddocks","Species","Hoki Western New Zealand","Macruronus novaezelandiae","RAM",1,2012,86600,127000,1.42,0.547,0.5,1016000,NA,NA,NA
"379971","NIWA-NZLINGLIN3-4-1968-2011-CORDUE","New Zealand","Miscellaneous demersal fishes","Species","New Zealand ling New Zealand Areas LIN 3 and 4","Genypterus blacodes","RAM",1,2012,3700,10099,1.99,0.123,0.204141215282996,197882.6272,NA,NA,NA
"380016","NIWA-NZLINGLIN5-6-1968-2011-CORDUE","New Zealand","Miscellaneous demersal fishes","Species","New Zealand ling New Zealand Areas LIN 5 and 6","Genypterus blacodes","RAM",1,2012,5400,25912,1.99,0.0412,0.448776649350092,230956.758,NA,NA,NA
"380050","NIWA-OROUGHYCR-1979-2006-CORDUE","New Zealand","Miscellaneous demersal fishes","Species","Orange Roughy Chatham Rise","Hoplostethus atlanticus","RAM",1,2012,1680,2040,1.96,0.417,0.179999999973529,45333.33334,NA,NA,NA
"380113","NIWA-OROUGHYNZMEC-1909-2011-CORDUE","New Zealand","Miscellaneous demersal fishes","Species","Orange roughy New Zealand Mid East Coast","Hoplostethus atlanticus","RAM",1,2012,1530,1610,0.371,2.5,0.0339127277476518,189899.20386,NA,TRUE,TRUE
"380161","NIWA-PAUANPAU5A-1965-2010-CORDUE","New Zealand","Abalones, winkles, conchs","Species","Black Foot Paua NZ North PAUA5A","Haliotis iris","RAM",1,2012,74.3,63,1.45,0.643,1.01999999970857,247.0588236,NA,NA,NA
"380209","NIWA-PAUAPAU7-1965-2011-CORDUE","New Zealand","Abalones, winkles, conchs","Species","New Zealand abalone species New Zealand Area PAU 7","Haliotis iris","RAM",1,2012,200,216,0.792,1.3,0.660000000045833,1309.090909,NA,TRUE,TRUE
"380257","NIWA-PAUASPAU5A-1965-2009-CORDUE","New Zealand","Abalones, winkles, conchs","Species","Black Foot Paua NZ South PAUA5A","Haliotis iris","RAM",1,2012,53,49.2,1.16,1.06,0.41999999997439,468.5714286,NA,NA,TRUE
"380285","NIWA-SCMPBP-1985-2010-CORDUE","New Zealand","Lobsters, spiny-rock lobsters","Species","Scampi Bay of Plenty","Metanephrops challengeri","RAM",1,2012,111,173,1.89,0.253,0.24108138238573,2870.4,NA,NA,NA
"380313","NIWA-SCMPWHB-1985-2010-CORDUE","New Zealand","Lobsters, spiny-rock lobsters","Species","Scampi Wairapa/Hawke Bay","Metanephrops challengeri","RAM",1,2012,125,167,1.65,0.335,0.232347826086957,2875,NA,NA,NA
"380343","NIWA-SMOOTHOREOBP-1983-2008-CORDUE","New Zealand","Miscellaneous demersal fishes","Species","Smooth Oreo Bounty Plateau","Pseudocyttus maculatus","RAM",1,2012,670,447,1.35,1.42,0.139999999993736,12771.428572,NA,NA,TRUE
"380378","NIWA-SMOOTHOREOCR-1978-2010-CORDUE","New Zealand","Miscellaneous demersal fishes","Species","Smooth oreo Chatham Rise","Pseudocyttus maculatus","RAM",1,2012,6120,3897,1.59,1.03,0.18,86600,NA,NA,TRUE
"380418","NIWA-SMOOTHOREOEPR-1973-2006-CORDUE","New Zealand","Miscellaneous demersal fishes","Species","Smooth Oreo East Pukaki Rise","Pseudocyttus maculatus","RAM",1,2012,1370,443,0.888,3.35,0.16,11075,NA,TRUE,TRUE
"380458","NIWA-SMOOTHOREOSLD-1973-2007-CORDUE","New Zealand","Miscellaneous demersal fishes","Species","Smooth Oreo Southland","Pseudocyttus maculatus","RAM",1,2012,260,420.72,0.793,0.718,0.0433902510854611,38784.74906,NA,TRUE,NA
"380506","NIWA-SMOOTHOREOWECR-1965-2009-CORDUE","New Zealand","Miscellaneous demersal fishes","Species","Smooth oreo West end of Chatham Rise","Pseudocyttus maculatus","RAM",1,2012,1530,2179,1.4,0.494,0.240000000044057,36316.66666,NA,NA,NA
"380544","NIWA-SOUTHHAKECR-1975-2010-CHING","New Zealand","Cods, hakes, haddocks","Species","Southern hake Chatham Rise","Merluccius australis","RAM",1,2012,1140,11125.6704,0.357,0.0767,0.68,65445.12,NA,TRUE,NA
"380583","NIWA-SOUTHHAKESA-1974-2011-CORDUE","New Zealand","Cods, hakes, haddocks","Species","Southern hake Sub-Antarctic","Merluccius australis","RAM",1,2012,2000,9800,1.99,0.108,0.939999999990408,41702.12766,NA,NA,NA
"380646","NIWA-TARAKNZ-1932-2007-CORDUE","New Zealand","Miscellaneous demersal fishes","Species","Tarakihi New Zealand","Nemadactylus macropterus","RAM",1,2012,957,682,1.99,0.766,0.220791912607983,12355.525018,NA,NA,NA
"382588","NZMFishDEEPWATER-BLACKOREOWECR-1973-2007-JENSEN","New Zealand","Miscellaneous demersal fishes","Species","Black oreo West end of Chatham Rise","Allocyttus niger","RAM",1,2012,1770,1947,0.991,0.825,0.0381941338024193,203905.6584,NA,TRUE,NA
"382651","NZMFishINSHOREWG-BNSNZ-1935-2011-CORDUE","New Zealand","Miscellaneous demersal fishes","Species","Bluenose New Zealand","Hyperoglyphe antarctica","RAM",1,2012,2000,1209,0.658,2.71,0.161865666293828,29876.62616,NA,TRUE,TRUE
"382714","NZMFishINSHOREWG-NZSNAPNZ8-1931-2005-JENSEN","New Zealand","Miscellaneous coastal fishes","Species","New Zealand snapper New Zealand Area 8","Chrysophrys auratus","RAM",0,2012,1950,2284.7076,0.353,2.5,0.194144838212635,47072.2296,NA,TRUE,TRUE
"382777","NZMFishINSHOREWG-TREVALLYTRE7-1944-2005-JENSEN","New Zealand","Miscellaneous pelagic fishes","Species","Trevally New Zealand Areas TRE 7","Pseudocaranx dentex","RAM",1,2012,2450,2170.41121,1.44,0.83,0.238809175438829,36353.89982,NA,NA,NA
"382840","NZMFishLOBSTERWG-RROCKLOBSTERCRA1-1945-2001-JENSEN","New Zealand","Lobsters, spiny-rock lobsters","Species","Red rock lobster New Zealand area CRA1","Jasus edwardsii","RAM",1,2012,258,254.5754093,1.5,0.676,0.432890956047079,2352.328278,NA,NA,NA
"382903","NZMFishLOBSTERWG-RROCKLOBSTERCRA2-1945-2001-JENSEN","New Zealand","Lobsters, spiny-rock lobsters","Species","Red rock lobster New Zealand area CRA2","Jasus edwardsii","RAM",1,2012,441,407.0296049,0.721,1.5,0.500327468044485,3254.105608,NA,TRUE,TRUE
"382966","NZMFishLOBSTERWG-RROCKLOBSTERCRA3-1945-2007-JENSEN","New Zealand","Lobsters, spiny-rock lobsters","Species","Red rock lobster New Zealand area CRA3","Jasus edwardsii","RAM",1,2012,296,426.4654547,0.207,3.36,1.078938807929,1581.0552056,NA,TRUE,TRUE
"383029","NZMFishLOBSTERWG-RROCKLOBSTERCRA4-1945-2005-JENSEN","New Zealand","Lobsters, spiny-rock lobsters","Species","Red rock lobster New Zealand area CRA4","Jasus edwardsii","RAM",1,2012,641,723.1161901,0.915,0.969,0.806595167969212,3586.017962,NA,TRUE,NA
"383092","NZMFishLOBSTERWG-RROCKLOBSTERCRA5-1945-2002-JENSEN","New Zealand","Lobsters, spiny-rock lobsters","Species","Red rock lobster New Zealand area CRA5","Jasus edwardsii","RAM",1,2012,507,526.403465,0.84,1.15,0.354420943995627,5940.997268,NA,TRUE,TRUE
"383129","NZMFishLOBSTERWG-RROCKLOBSTERCRA7-1976-2005-JENSEN","New Zealand","Lobsters, spiny-rock lobsters","Species","Red rock lobster New Zealand area CRA7","Jasus edwardsii","RAM",1,2012,101,336.1606027,0.45,0.665,0.746534562090436,1801.1790466,NA,TRUE,NA
"383166","NZMFishLOBSTERWG-RROCKLOBSTERCRA8-1976-2005-JENSEN","New Zealand","Lobsters, spiny-rock lobsters","Species","Red rock lobster New Zealand area CRA8","Jasus edwardsii","RAM",1,2012,630,1599.932879,0.714,0.551,0.992048117706422,6451.029342,NA,TRUE,NA
"383227","NZMFishMIDDEPTHSWG-GEMFISHNZ-1952-2007-JENSEN","New Zealand","Miscellaneous demersal fishes","Species","common gemfish New Zealand","Rexea solandri","RAM",1,2012,412,1432.042733,1.64,0.275,0.791172047168577,7240.107828,NA,NA,NA
"383260","NZMFishMIDDEPTHSWG-NZLINGLIN6b-1980-2006-JENSEN","New Zealand","Miscellaneous demersal fishes","Species","New Zealand ling New Zealand Area LIN 6b","Genypterus blacodes","RAM",1,2012,400,893.8449,1.99,0.113,0.441982182443213,8089.420212,NA,NA,NA
"383301","NZMFishMIDDEPTHSWG-NZLINGLIN72-1972-2007-JENSEN","New Zealand","Miscellaneous demersal fishes","Species","New Zealand ling New Zealand Area LIN 72","Genypterus blacodes","RAM",1,2012,450,515.8919688,1.99,0.323,0.470013047884678,4390.448062,NA,NA,NA
"383342","NZMFishMIDDEPTHSWG-NZLINGLIN7WC-1972-2008-JENSEN","New Zealand","Miscellaneous demersal fishes","Species","New Zealand ling New Zealand Area LIN 7WC - WCSI","Genypterus blacodes","RAM",1,2012,2400,6062.29056,1.99,0.134,0.32148240137352,75429.20588,NA,NA,NA
"383377","NZMFishMIDDEPTHSWG-SBWHITACIR-1978-2011-CHING","New Zealand","Cods, hakes, haddocks","Species","Southern blue whiting Campbell Island Rise","Micromesistius australis","RAM",1,2012,30800,26385.22442,1.49,0.834,0.178738294018252,590477.2576,NA,NA,NA
"383427","NZMFishSHELLFISHWG-PAUAPAU5B-1963-2007-JENSEN","New Zealand","Abalones, winkles, conchs","Species","New Zealand abalone species New Zealand Area PAU 5B","Haliotis iris","RAM",1,2012,111,188.9891559,1.32,0.582,0.318231005932644,2375.496446,NA,NA,NA
"383476","NZMFishSHELLFISHWG-PAUAPAU5D-1964-2006-JENSEN","New Zealand","Abalones, winkles, conchs","Species","New Zealand abalone species New Zealand Area PAU 5D","Haliotis iris","RAM",1,2012,111,124.0517065,0.595,3.44,0.369723184102328,1342.103626,NA,TRUE,TRUE
"376699","IMARPE-PANCHPERUNC-1959-2008-HIVELY","Peru","Herrings, sardines, anchovies","Species","Peruvian anchoveta North-Central Peru","Engraulis ringens","RAM",1,2012,6100000,3650314.23,1.47,0.855,1.21677141,1.2e+07,NA,NA,NA
"385998","VNIRO-WPOLLNAVAR-1994-2004-JENSEN","Russian Federation","Cods, hakes, haddocks","Species","Walleye Pollock Navarinsky","Theragra chalcogramma","RAM",0,2012,380000,435855.798739078,1.02,1.06,0.555230316865067,3140000,NA,NA,TRUE
"377531","MARAM-CHAKESA-1917-2013-Rademeyer","South Africa","Cods, hakes, haddocks","Species","Shallow-water cape hake South Africa","Merluccius capensis","RAM",0,2012,20800,61900,1.71,0.196506343942786,0.41992847779523,589624.2172,NA,NA,NA
"377595","MARAM-CTRACSA-1949-2013-Furman","South Africa","Miscellaneous pelagic fishes","Species","Cape horse mackerel South Africa South coast","Trachurus capensis","RAM",0,2012,29700,72924.09,1.99,0.171,0.474065390441357,615308.28,NA,NA,NA
"377658","MARAM-DEEPCHAKESA-1917-2013-Rademeyer","South Africa","Cods, hakes, haddocks","Species","Deep-water cape hake South Africa","Merluccius paradoxus","RAM",0,2012,106000,116000,0.98,0.932441942294159,0.598634207797886,775097.704,NA,TRUE,NA
"377712","MARAM-PTOOTHFISHPEI-1960-2013-Brandao","South Africa","Miscellaneous demersal fishes","Species","Patagonian toothfish South Africa Subantarctic Prince Edward Islands","Dissostichus eleginoides","RAM",1,2012,256,3216,1.99,0.00783,0.209566869452143,61383.74846,NA,NA,NA
"370610","ADFG-HERRTOG-1990-2010-HIVELY","USA","Herrings, sardines, anchovies","Species","Herring Togiak District","Clupea pallasii","RAM",0,2012,23900,35032.6235475,1.99,0.208,1.29662546856796,108073.2236,NA,NA,NA
"370651","AFSC-ALPLAICBSAI-1972-2010-STACHURA","USA","Flounders, halibuts, soles","Species","Alaska plaice Bering Sea and Aleutian Islands","Pleuronectes quadrituberculatus","RAM",0,2012,13900,34311.1089512724,1.99,0.177,0.223168657984323,614980.782,NA,NA,NA
"370694","AFSC-ARFLOUNDBSAI-1970-2010-STACHURA","USA","Flounders, halibuts, soles","Species","Arrowtooth flounder Bering Sea and Aleutian Islands","Reinhardtius stomias","RAM",0,2012,16700,63481.3402651177,1.99,0.0897,0.351709488251781,721974.725,NA,NA,NA
"370749","AFSC-ARFLOUNDGA-1958-2010-STACHURA","USA","Flounders, halibuts, soles","Species","Arrowtooth flounder Gulf of Alaska","Atheresthes stomias","RAM",0,2012,22300,254271,1.99,0.0293316736078165,0.60993308575216,1667533.7406,NA,NA,NA
"370786","AFSC-ATKABSAI-1976-2011-STACHURA","USA","Miscellaneous coastal fishes","Species","Atka mackerel Bering Sea and Aleutian Islands","Pleurogrammus monopterygius","RAM",1,2012,72800,46211.57678,1.56,0.905,0.309135261977208,597946.368,NA,NA,NA
"370825","AFSC-BKINGCRABPI-1960-2008-JENSEN","USA","King crabs, squat-lobsters","Species","Blue king crab Pribilof Islands","Paralithodes platypus","RAM",1,2012,0,7514.10246,0.0819,0,1.17171188570825,25651.70688,NA,TRUE,NA
"370895","AFSC-DSOLEGA-1978-2009-STACHURA","USA","Flounders, halibuts, soles","Species","Dover sole Gulf of Alaska","Microstomus pacificus","RAM",0,2012,458,3192.45606660822,1.99,0.0483,0.204496147847973,62445.30472,NA,NA,NA
"370935","AFSC-DUSROCKGA-1973-2010-STACHURA","USA","Miscellaneous demersal fishes","Species","Dusky rockfish Gulf of Alaska","Sebastes variabilis","RAM",0,2012,3050,2760.30253101124,1.59,0.546,0.0985687729099917,112015.29448,NA,NA,NA
"370974","AFSC-FLSOLEBSAI-1974-2010-STACHURA","USA","Flounders, halibuts, soles","Species","Flathead sole Bering Sea and Aleutian Islands","Hippoglossoides elassodon","RAM",1,2012,18500,83321,1.99,0.0702,0.38945399280543,855772.4562,NA,NA,NA
"371009","AFSC-FLSOLEGA-1978-2010-STACHURA","USA","Flounders, halibuts, soles","Species","Flathead sole Gulf of Alaska","Hippoglossoides elassodon","RAM",0,2012,3780,28310.773921092,1.99,0.0513531052841694,0.428882630059813,264042.1592,NA,NA,NA
"371062","AFSC-GHALBSAI-1960-2009-STANTON","USA","Flounders, halibuts, soles","Species","Greenland turbot Bering Sea and Aleutian Islands","Reinhardtius hippoglossoides","RAM",0,2012,2540,18763.452569345,1.46,0.0927188650898693,0.608585172695986,123325.07206,NA,NA,NA
"371101","AFSC-NROCKBSAI-1974-2011-STACHURA","USA","Miscellaneous demersal fishes","Species","Northern rockfish Bering Sea and Aleutian Islands","Sebastes polyspinis","RAM",0,2012,3110,6848.1284467059,1.6,0.29,0.0962994473967441,284451.412,NA,NA,NA
"371155","AFSC-NROCKGA-1959-2010-STACHURA","USA","Miscellaneous demersal fishes","Species","Northern rockfish Gulf of Alaska","Sebastes polyspinis","RAM",1,2012,3580,6070,1.62,0.364065328370655,0.18277163643383,132843.36932,NA,NA,NA
"371193","AFSC-NRSOLEEBSAI-1975-2012-HIVELY","USA","Flounders, halibuts, soles","Species","Northern rock sole Eastern Bering Sea and Aleutian Islands","Lepidopsetta polyxystra","RAM",0,2012,74400,259310,1.99,0.231,1.99845863357867,519020,NA,NA,NA
"371242","AFSC-PCODBSAI-1964-2013-CHING","USA","Cods, hakes, haddocks","Species","Pacific cod Bering Sea and Aleutian Islands","Gadus macrocephalus","RAM",0,2012,212000,295506.432590888,1.1,0.652193155450165,0.951602942310437,1242141.7356,NA,NA,NA
"371331","AFSC-PERCHEBSAI-1960-2011-STACHURA","USA","Miscellaneous demersal fishes","Species","Pacific Ocean perch Eastern Bering Sea and Aleutian Islands","Sebastes alutus","RAM",0,2012,15300,28200.0656234925,1.64,0.391,0.123920110480957,910265.9936,NA,NA,NA
"371385","AFSC-POPERCHGA-1959-2010-STACHURA","USA","Miscellaneous demersal fishes","Species","Pacific ocean perch Gulf of Alaska","Sebastes alutus","RAM",1,2012,14500,20243,1.35,0.530590364113063,0.111263062167662,727752.7548,NA,NA,NA
"371419","AFSC-REXSOLEGA-1979-2010-STACHURA","USA","Flounders, halibuts, soles","Species","Rex sole Gulf of Alaska","Glyptocephalus zachirus","RAM",0,2012,3870,3478.58979145871,1.99,0.375851281931168,0.178297494974234,78040.12708,NA,NA,NA
"371458","AFSC-REYEROCKBSAI-1974-2011-STACHURA","USA","Miscellaneous demersal fishes","Species","Rougheye rockfish Bering Sea and Aleutian Islands","Sebastes aleutianus","RAM",0,2012,209,843.771812291358,0.886,0.368,0.0904232217607859,37325.44786,NA,TRUE,NA
"371497","AFSC-REYEROCKGA-1974-2010-STACHURA","USA","Miscellaneous demersal fishes","Species","Rougheye rockfish Gulf of Alaska","Sebastes aleutianus","RAM",0,2012,280,992.047165629991,1.54,0.179,0.0699577597344641,56722.63774,NA,NA,NA
"371550","AFSC-RKCRABBB-1960-2008-JENSEN","USA","King crabs, squat-lobsters","Species","Red king crab Bristol Bay","Paralithodes camtschaticus","RAM",1,2012,10500,23645.80209,1.11,1.05,0.606333542879577,155992.04344,NA,NA,TRUE
"371583","AFSC-RKCRABPI-1981-2009-JENSEN","USA","King crabs, squat-lobsters","Species","Red king crab Pribilof Islands","Paralithodes camtschaticus","RAM",1,2012,0,895.9528522,1.99,0,0.468773122003998,7645.08723,NA,NA,NA
"371638","AFSC-SABLEFEBSAIGA-1958-2010-STACHURA","USA","Miscellaneous demersal fishes","Species","Sablefish Eastern Bering Sea / Aleutian Islands / Gulf of Alaska","Anoplopoma fimbria","RAM",1,2012,11300,18950,1.1,0.584,0.163505160365659,463593.9308,NA,NA,NA
"371673","AFSC-SNOWCRABBS-1978-2013-HIVELY","USA","Crabs, sea-spiders","Species","Snow crab Bering Sea","Chionoecetes opilio","RAM",1,2012,30100,72711.59368,0.231,1.79,0.197326713995713,1473933.0972,NA,TRUE,TRUE
"371758","AFSC-WPOLLAI-1976-2013-CHING","USA","Cods, hakes, haddocks","Species","Walleye pollock Aleutian Islands","Theragra chalcogramma","RAM",1,2012,961,7781.389409,0.958,0.136,0.0600248319968512,518544.6856,NA,TRUE,NA
"371807","AFSC-WPOLLEBS-1964-2013-CHING","USA","Cods, hakes, haddocks","Species","Walleye pollock Eastern Bering Sea","Theragra chalcogramma","RAM",0,2012,1200000,1583847.49525117,1.08,1.18,0.460982214076786,13743241.686,NA,NA,TRUE
"371856","AFSC-WPOLLGA-1964-2012-CHING","USA","Cods, hakes, haddocks","Species","Walleye pollock Gulf of Alaska","Theragra chalcogramma","RAM",1,2012,81300,119582.1116,0.961,0.78,0.204380621989923,2340380.618,NA,TRUE,NA
"371919","AFSC-YSOLEBSAI-1949-2010-STACHURA","USA","Flounders, halibuts, soles","Species","Yellowfin sole Bering Sea and Aleutian Islands","Limanda aspera","RAM",0,2012,108000,96528.687640894,1.99,0.615,0.1731171115527,2230367.334,NA,NA,NA
"372224","ASMFC-ATLCROAKMATLC-1973-2002-STANTON","USA","Miscellaneous coastal fishes","Species","Atlantic croaker Mid-Atlantic Coast","Micropogonias undulatus","RAM",0,2012,16300,19477.7849867651,1.99,0.282,0.585414224260938,133087.2,NA,NA,NA
"372256","ASMFC-LOBSTERGB-1981-2007-STANTON","USA","Lobsters, spiny-rock lobsters","Species","American lobster Georges Bank","Homarus americanus","RAM",0,2012,2060,2437.676004,1.42,0.597,2.60274289958312,3746.318554,NA,NA,NA
"372288","ASMFC-LOBSTERGOM-1981-2007-STANTON","USA","Lobsters, spiny-rock lobsters","Species","American lobster Gulf of Maine","Homarus americanus","RAM",0,2012,32700,35175.45925,0.581,1.6,2.03915705797101,69000,NA,TRUE,TRUE
"372320","ASMFC-LOBSTERSNE-1981-2007-STANTON","USA","Lobsters, spiny-rock lobsters","Species","American lobster Southern New England","Homarus americanus","RAM",0,2012,2440,16166.06416,0.12,1.26,0.450626217990502,143498.656,NA,TRUE,TRUE
"372373","ASMFC-PANDALGOM-1960-2009-IDOINE","USA","Shrimps, prawns","Species","Northern shrimp Gulf of Maine","Pandalus borealis","RAM",0,2012,4780,4993.744384,1.57,0.61,0.557906539968916,35803.44754,NA,NA,NA
"372396","CBP-BCRABCHESB-1990-2010-HIVELY","USA","Crabs, sea-spiders","Species","Blue Crab Chesapeake Bay","Callinectes sapidus","RAM",0,2012,24400,36110.6631302235,1.07,0.628,0.278003038791932,NA,NA,NA,NA
"378188","NEFSC-ACADREDGOMGB-1913-2007-MILLER","USA","Miscellaneous demersal fishes","Species","Acadian redfish Gulf of Maine / Georges Bank","Sebastes fasciatus","RAM",1,2012,1160,10139,0.866,0.133,0.0250024912637405,1622078.359,NA,TRUE,NA
"378241","NEFSC-AMPL5YZ-1960-2008-OBRIEN","USA","Flounders, halibuts, soles","Species","American Plaice NAFO-5YZ","Hippoglossoides platessoides","RAM",1,2012,1230,4059,0.704,0.852,0.245277832343216,66194.32276,NA,TRUE,NA
"378304","NEFSC-ATHAL5YZ-1800-2007-COL","USA","Flounders, halibuts, soles","Species","Atlantic Halibut NAFO-5YZ","Hippoglossus hippoglossus","RAM",0,2012,84.2,3500,0.0264,0.89,0.142857142857143,98000,NA,TRUE,NA
"378336","NEFSC-BLUEFISHATLC-1981-2007-SHEPHERD","USA","Miscellaneous pelagic fishes","Species","Bluefish Atlantic Coast","Pomatomus saltatrix","RAM",0,2012,15600,15565,1.05,0.789,0.211693822593368,294104,NA,NA,NA
"378381","NEFSC-BSBASSMATLC-1968-2007-SHEPHERD","USA","Miscellaneous coastal fishes","Species","Black sea bass Mid-Atlantic Coast","Centropristis striata","RAM",0,2012,2810,3903,1,1.15,0.605477688232511,25784.6,NA,NA,TRUE
"378429","NEFSC-BUTTERGOMCHATT-1965-2008-YOUNG","USA","Miscellaneous pelagic fishes","Species","Atlantic butterfish Gulf of Maine / Cape Hatteras","Peprilus triacanthus","RAM",0,2012,1630,13553.16442,1.17,0.103,0.378203202124005,143342.67234,NA,NA,NA
"378466","NEFSC-CODGB-1976-2011-CHING","USA","Cods, hakes, haddocks","Species","Atlantic cod Georges Bank","Gadus morhua","RAM",1,2012,4010,28774,0.111,1.62,0.138718067868453,829711.6718,NA,TRUE,TRUE
"378498","NEFSC-CODGOM-1981-2011-CHING","USA","Cods, hakes, haddocks","Species","Atlantic cod Gulf of Maine","Gadus morhua","RAM",1,2012,6860,11592.5,0.149,4.88,0.154507605722359,300114.6758,NA,TRUE,TRUE
"378547","NEFSC-HAD5Y-1964-2011-CHING","USA","Cods, hakes, haddocks","Species","Haddock NAFO-5Y","Melanogrammus aeglefinus","RAM",1,2012,1310,1177,0.585,1.78,0.380129194564261,12385.262872,NA,TRUE,TRUE
"378610","NEFSC-HADGB-1931-2010-CHING","USA","Cods, hakes, haddocks","Species","Haddock Georges Bank","Melanogrammus aeglefinus","RAM",1,2012,25900,28000,1.34,0.462,0.201599159121843,555557.8728,NA,NA,NA
"378663","NEFSC-HERRNWATLC-1960-2005-OVERHOLTZ","USA","Herrings, sardines, anchovies","Species","Atlantic herring Northwestern Atlantic Coast","Clupea harengus","RAM",0,2012,106000,145500,1.66,0.339,0.281723836984945,2065852.88,NA,NA,NA
"378716","NEFSC-MACKGOMCHATT-1960-2005-OVERHOLTZ","USA","Miscellaneous pelagic fishes","Species","Atlantic mackerel Gulf of Maine / Cape Hatteras","Scomber scombrus","RAM",0,2012,106000,89000,1.99,0.311,0.116637243556843,3052198.33,NA,NA,NA
"378749","NEFSC-MONKGOMNGB-1980-2009-HIVELY","USA","Miscellaneous demersal fishes","Species","Monkfish Gulf of Maine / Northern Georges Bank","Lophius americanus","RAM",0,2012,3780,10745,1.95,0.17,0.633610390577326,67833.48354,NA,NA,NA
"378782","NEFSC-MONKSGBMATL-1980-2009-HIVELY","USA","Miscellaneous demersal fishes","Species","Monkfish Southern Georges Bank / Mid-Atlantic","Lophius americanus","RAM",0,2012,6110,15279,1.99,0.113,0.539140448235176,113358.21714,NA,NA,NA
"378835","NEFSC-POLL5YZ-1960-2009-CHING","USA","Cods, hakes, haddocks","Species","Pollock NAFO-5YZ","Pollachius virens","RAM",1,2012,8740,12098.45128,1.55,0.467,0.178125330027236,271684.0166,NA,NA,NA
"378884","NEFSC-SCALL5ZMAB-1964-2009-HIVELY","USA","Scallops, pectens","Species","Sea scallop Georges Bank and Mid-Atlantic Bight","Placopecten magellanicus","RAM",0,2012,25800,24975,1.03,1,0.398458813956828,250716,NA,NA,NA
"378937","NEFSC-SCUPNWATLC-1960-2007-TERCEIRO","USA","Miscellaneous coastal fishes","Species","Scup Atlantic Coast","Stenotomus chrysops","RAM",0,2012,7870,23329.3090942495,1.3,0.305,0.296707777343362,314508.899,NA,NA,NA
"378988","NEFSC-SDOGATLC-1962-2006-SOSEBEE","USA","Sharks, rays, chimaeras","Species","Spiny dogfish Atlantic Coast","Squalus acanthias","RAM",0,2012,7770,20333.61845,1.24,0.307,0.111478178019112,729599.9562,NA,NA,NA
"379051","NEFSC-SFLOUNMATLC-1940-2007-BAUM","USA","Flounders, halibuts, soles","Species","Summer flounder Mid-Atlantic Coast","Paralichthys dentatus","RAM",0,2012,10400,12879.8601385995,0.722,0.929,0.256685187210885,200710.6102,NA,TRUE,NA
"379082","NEFSC-STRIPEDBASSGOMCHATT-1982-2006-SHEPHERD","USA","Miscellaneous diadromous fishes","Species","Striped bass Gulf of Maine / Cape Hatteras","Morone saxatilis","RAM",0,2012,16900,17823,1.59,0.939,0.562152533126591,126819.67224,NA,NA,NA
"379130","NEFSC-SURFMATLC-1965-2008-JACOBSON","USA","Clams, cockles, arkshells","Species","Atlantic surfclam Mid-Atlantic Coast","Spisula solidissima","RAM",1,2012,21900,66497.65269,1.99,0.152,0.27048219602008,983394.1556,NA,NA,NA
"379193","NEFSC-TILEMATLC-1915-2012-HIVELY","USA","Miscellaneous demersal fishes","Species","Tilefish Mid-Atlantic Coast","Lopholatilus chamaeleonticeps","RAM",1,2012,834,1029,1.01,0.743,0.135173002073111,30449.86748,NA,NA,NA
"379225","NEFSC-WEAKFISHATLC-1981-2008-STANTON","USA","Miscellaneous coastal fishes","Species","Weakfish Atlantic Coast","Cynoscion regalis","RAM",0,2012,899,5048.298537,0.131,1.36,0.431262875997898,46823.4,NA,TRUE,TRUE
"379275","NEFSC-WHAKEGBGOM-1963-2007-SOSEBEE","USA","Cods, hakes, haddocks","Species","White hake Georges Bank / Gulf of Maine","Urophycis tenuis","RAM",1,2012,2210,5800,0.352,1.17,0.185281390743024,125214.94958,NA,TRUE,TRUE
"379313","NEFSC-WINDOWGOMGB-1975-2007-HENDRICKSON","USA","Flounders, halibuts, soles","Species","Windowpane flounder - Gulf of Maine / Georges Bank","Scophthalmus aquosus","RAM",0,2012,1030,700,0.173,3.91,0.278003038791932,NA,NA,TRUE,TRUE
"379351","NEFSC-WINDOWSNEMATL-1975-2007-HENDRICKSON","USA","Flounders, halibuts, soles","Species","Windowpane Southern New England-Mid Atlantic","Scophthalmus aquosus","RAM",0,2012,390,500,0.562,1.26,0.278003038791932,NA,NA,TRUE,TRUE
"379382","NEFSC-WINFLOUN5Z-1982-2007-HENDRICKSON","USA","Flounders, halibuts, soles","Species","Winter Flounder NAFO-5Z","Pseudopleuronectes americanus","RAM",1,2012,990,3500,0.28,1.06,0.331721885281246,42204.0288,NA,TRUE,TRUE
"379431","NEFSC-WINFLOUNSNEMATL-1940-2007-TERCEIRO","USA","Flounders, halibuts, soles","Species","Winter Flounder Southern New England-Mid Atlantic","Pseudopleuronectes americanus","RAM",0,2012,1860,9742,0.0869,3.08,0.192407948332845,202528.0158,NA,TRUE,TRUE
"379462","NEFSC-WITFLOUN5Y-1982-2008-WIGLEY","USA","Flounders, halibuts, soles","Species","Witch Flounder NAFO-5Y","Glyptocephalus cynoglossus","RAM",1,2012,1170,2352,0.3,1.45,0.159531796154605,58972.5699,NA,TRUE,TRUE
"379525","NEFSC-YELLCCODGOM-1935-2008-LEGAULT","USA","Flounders, halibuts, soles","Species","Yellowtail flounder Cape Cod / Gulf of Maine","Limanda ferruginea","RAM",1,2012,627,1720,0.247,1.73,0.171432283307708,40132.46436,NA,TRUE,TRUE
"379588","NEFSC-YELLGB-1935-2008-BAUM","USA","Flounders, halibuts, soles","Species","Yellowtail flounder Georges Bank","Limanda ferruginea","RAM",1,2012,1690,9400,0.221,1.14,0.236064254616759,159278.66784,NA,TRUE,TRUE
"379651","NEFSC-YELLSNEMATL-1935-2008-BAUM","USA","Flounders, halibuts, soles","Species","Yellowtail Flounder Southern New England-Mid Atlantic","Limanda ferruginea","RAM",0,2012,396,6100,0.128,1.61,0.172854580540589,141159.11724,NA,TRUE,TRUE
"380709","NMFS-MENATLAN-1940-2005-STANTON","USA","Herrings, sardines, anchovies","Species","Atlantic menhaden Atlantic","Brevoortia tyrannus","RAM",0,2012,185000,276318.163275,0.539,0.933,0.431753030966815,2559965.012,NA,TRUE,NA
"380770","NMFS-STMARLINNPAC-1952-2004-BRANCH","USA","Tunas, bonitos, billfishes","Species","Striped marlin North Pacific","Kajikia audax","RAM",0,2012,3950,5250,0.387,2.68,0.6,35000,NA,TRUE,TRUE
"380833","NWFSC-ARFLOUNDPCOAST-1916-2007-BRANCH","USA","Flounders, halibuts, soles","Species","Arrowtooth flounder Pacific Coast","Reinhardtius stomias","RAM",0,2012,2380,5844,1.99,0.106891156059291,0.557696797503153,41915.24876,NA,NA,NA
"380896","NWFSC-BGROCKPCOAST-1950-2011-STACHURA","USA","Miscellaneous demersal fishes","Species","Blackgill rockfish  Pacific Coast","Sebastes melanostomus","RAM",1,2012,149,222,1.29,1.03,0.0876950424649417,10126,NA,NA,TRUE
"380959","NWFSC-BLACKROCKNPCOAST-1914-2006-BRANCH","USA","Miscellaneous demersal fishes","Species","Black rockfish Northern Pacific Coast","Sebastes melanops","RAM",0,2012,323,700,1.77,0.468,0.321723414827468,8703.127814,NA,NA,NA
"381022","NWFSC-BLACKROCKSPCOAST-1915-2007-BRANCH","USA","Miscellaneous demersal fishes","Species","Black rockfish Southern Pacific Coast","Sebastes melanops","RAM",0,2012,627,1064.6,1.99,0.327,0.169650045420987,25101.08376,NA,NA,NA
"381085","NWFSC-BLUEROCKCAL-1916-2007-BRANCH","USA","Miscellaneous demersal fishes","Species","Blue rockfish California","Sebastes mystinus","RAM",0,2012,263,275,0.748,1.19,0.113027695484482,9732.128,NA,TRUE,TRUE
"381125","NWFSC-CABEZORECOAST-1973-2009-STACHURA","USA","Miscellaneous coastal fishes","Species","Cabezon Oregon Coast","Scorpaenichthys marmoratus","RAM",0,2012,43.2,48,1.21,0.559,0.24,800,NA,NA,NA
"381188","NWFSC-CHILISPCOAST-1892-2007-BRANCH","USA","Miscellaneous demersal fishes","Species","Chilipepper Southern Pacific Coast","Sebastes goodei","RAM",1,2012,127,2164,1.92,0.0345,0.23904019392761,36211.48334,NA,NA,NA
"381251","NWFSC-CROCKPCOAST-1916-2011-STACHURA","USA","Miscellaneous demersal fishes","Species","Canary rockfish Pacific Coast","Sebastes pinniger","RAM",1,2012,81.8,803,0.598,0.171,0.0578683104040849,55505.33578,NA,TRUE,NA
"381314","NWFSC-DKROCKPCOAST-1928-2011-STACHURA","USA","Miscellaneous demersal fishes","Species","Darkblotched rockfish Pacific Coast","Sebastes crameri","RAM",1,2012,183,774,1.11,0.332,0.128600481171826,24074.56,NA,NA,NA
"381377","NWFSC-ESOLEPCOAST-1876-2007-BRANCH","USA","Flounders, halibuts, soles","Species","English sole Pacific Coast","Parophrys vetulus","RAM",1,2012,1080,4252,1.99,0.0556,0.597552703509017,28462.76136,NA,NA,NA
"381411","NWFSC-KELPGREENLINGORECOAST-1979-2005-STANTON","USA","Miscellaneous coastal fishes","Species","Kelp greenling Oregon Coast","Hexagrammos decagrammus","RAM",0,2012,51.8,82,1.11,0.593,0.259999999987317,1261.5384616,NA,NA,NA
"381474","NWFSC-LINGCODNPCOAST-1928-2009-STACHURA","USA","Miscellaneous coastal fishes","Species","Lingcod Northern Pacific Coast","Ophiodon elongatus","RAM",0,2012,350,1734,1.99,1.53,0.279999999903114,24771.42858,NA,NA,TRUE
"381537","NWFSC-LINGCODSPCOAST-1928-2009-STACHURA","USA","Miscellaneous coastal fishes","Species","Lingcod Southern Pacific Coast","Ophiodon elongatus","RAM",0,2012,171,1514,1.44,0.0786,0.16,37850,NA,NA,NA
"381600","NWFSC-LNOSESKAPCOAST-1915-2007-BRANCH","USA","Sharks, rays, chimaeras","Species","Longnose skate Pacific Coast","Raja rhina","RAM",0,2012,899,1268,1.76,0.8,0.0699496376896455,72509.31052,NA,NA,NA
"381649","NWFSC-LSTHORNHPCOAST-1962-2005-STANTON","USA","Miscellaneous demersal fishes","Species","Longspine thornyhead Pacific Coast","Sebastolobus altivelis","RAM",1,2012,912,3687,1.99,0.128,0.119641516731332,123268.2467,NA,NA,NA
"381696","NWFSC-PHAKEPCOAST-1966-2012-CHING","USA","Cods, hakes, haddocks","Species","Pacific hake Pacific Coast","Merluccius productus","RAM",1,2012,286000,357000,1.17,0.866,0.716560305800641,1992853.9,NA,NA,NA
"381759","NWFSC-POPERCHPCOAST-1940-2011-STACHURA","USA","Miscellaneous demersal fishes","Species","Pacific ocean perch Pacific Coast","Sebastes alutus","RAM",1,2012,141,1058,0.488,0.334,0.0352427150420387,120081.5543,NA,TRUE,NA
"381822","NWFSC-SABLEFPCOAST-1900-2011-STACHURA","USA","Miscellaneous demersal fishes","Species","Sablefish Pacific Coast","Anoplopoma fimbria","RAM",1,2012,7340,10102,1.19,0.571,0.121507327603013,332556.0754,NA,NA,NA
"381885","NWFSC-SNROCKPCOAST-1905-2009-STANTON","USA","Miscellaneous demersal fishes","Species","Splitnose Rockfish Pacific Coast","Sebastes diploproa","RAM",1,2012,66,1268,1.87,0.0578,0.0786822290352814,64461.824,NA,NA,NA
"381948","NWFSC-SPSDOGPCOAST-1916-2011-STACHURA","USA","Sharks, rays, chimaeras","Species","Spotted spiny dogfish Pacific Coast","Squalus suckleyi","RAM",0,2012,1160,848,1.35,0.704,0.0151549486268687,223821.28,NA,NA,NA
"382011","NWFSC-SSTHORNHPCOAST-1901-2005-STANTON","USA","Miscellaneous demersal fishes","Species","Shortspine thornyhead Pacific Coast","Sebastolobus alascanus","RAM",0,2012,705,1720,1.68,0.265,0.04,172000,NA,NA,NA
"382074","NWFSC-WROCKPCOAST-1916-2011-STACHURA","USA","Miscellaneous demersal fishes","Species","Widow rockfish Pacific Coast","Sebastes entomelas","RAM",0,2012,152,5490,1.27,0.0187,0.197178786325537,111371.00704,NA,NA,NA
"382137","NWFSC-YEYEROCKPCOAST-1916-2011-STACHURA","USA","Miscellaneous demersal fishes","Species","Yelloweye rockfish Pacific Coast","Sebastes ruberrimus","RAM",1,2012,11.4,63,0.521,0.25,0.0385488971344096,6537.152,NA,TRUE,NA
"382183","NWFSC-YTROCKNPCOAST-1967-2005-STANTON","USA","Miscellaneous demersal fishes","Species","Yellowtail rockfish Northern Pacific Coast","Sebastes flavidus","RAM",1,2012,1610,4680,1.68,0.172,0.211914138911348,88337.664,NA,NA,NA
"383510","PFMC-BNKROCKCAL-1979-1999-CHING","USA","Miscellaneous demersal fishes","Species","Bank Rockfish California","Sebastes rufus","RAM",1,2012,562,615.3505947,1.18,0.772,0.214865746007554,11455.53642,NA,NA,NA
"383573","PFMC-BOCACCSPCOAST-1930-2009-CHING","USA","Miscellaneous demersal fishes","Species","Bocaccio Southern Pacific Coast","Sebastes paucispinis","RAM",1,2012,78,1270,0.783,0.075,0.156618423259439,32435.52,NA,TRUE,NA
"383636","PFMC-CABEZNCAL-1930-2009-CHING","USA","Miscellaneous coastal fishes","Species","Cabezon Northern California","Scorpaenichthys marmoratus","RAM",0,2012,39,129,1.7,0.222,0.969457846781666,532.256252,NA,NA,NA
"383699","PFMC-CABEZSCAL-1930-2009-CHING","USA","Miscellaneous coastal fishes","Species","Cabezon Southern California","Scorpaenichthys marmoratus","RAM",0,2012,10,30,1.99,0.0776,0.132095658889021,908.4325784,NA,NA,NA
"383762","PFMC-COWCODSCAL-1930-2009-CHING","USA","Miscellaneous demersal fishes","Species","Cowcod Southern California","Sebastes levis","RAM",1,2012,0.5,52.40775904,0.105,0.084,0.0539999999886658,3882.056226,NA,TRUE,NA
"383825","PFMC-GRNSTROCKPCOAST-1916-2009-STANTON","USA","Miscellaneous demersal fishes","Species","Greenstriped rockfish Pacific Coast","Sebastes elongatus","RAM",1,2012,9.2,803,1.99,0.0044,0.136399999981315,23548.3871,NA,NA,NA
"383888","PFMC-PSOLEPCOAST-1930-2011-CHING","USA","Flounders, halibuts, soles","Species","Petrale sole Pacific Coast","Eopsetta jordani","RAM",0,2012,976,2588,0.813,0.373,0.46432588362642,22294.68648,NA,TRUE,NA
"384099","SEFSC-BLACKGROUPERGMSATL-1986-2008-THORSON","USA","Miscellaneous coastal fishes","Species","Black Grouper Gulf of Mexico and South Atlantic","Mycteroperca bonaci","RAM",0,2012,138,436.756501829997,1.4,0.5,0.24115080570262,7244.537302,NA,NA,NA
"384128","SEFSC-BRNSHRIMPGM-1984-2011-HIVELY","USA","Shrimps, prawns","Species","Brown shrimp Gulf of Mexico","Farfantepenaeus aztecus","RAM",0,2012,20500,44158.98943,1.99,0.204,1.43838026788858,122801.98892,NA,NA,NA
"384191","SEFSC-BSBASSSATL-1950-2010-HIVELY","USA","Miscellaneous coastal fishes","Species","Black sea bass South Atlantic","Centropristis striata","RAM",0,2012,585,801.5,0.703,1.09,0.296906834599,10798,NA,TRUE,TRUE
"384241","SEFSC-GAGGM-1963-2004-JENSEN","USA","Miscellaneous coastal fishes","Species","Gag Gulf of Mexico","Mycteroperca microlepis","RAM",0,2012,4630,2241.65,0.997,2.44,0.24679549212634,36332.10608,NA,TRUE,TRUE
"384268","SEFSC-GRAMBERGM-1986-2004-JENSEN","USA","Miscellaneous pelagic fishes","Species","Greater amberjack Gulf of Mexico","Seriola dumerili","RAM",0,2012,1670,2285.650088,0.478,1.53,1.13580525188775,8049.443632,NA,TRUE,TRUE
"384289","SEFSC-KMACKGM-1992-2001-JENSEN","USA","Tunas, bonitos, billfishes","Species","King mackerel Gulf of Mexico","Scomberomorus cavalla","RAM",0,2012,3670,5178.659864,0.93,0.595,0.471713476421462,43913.60538,NA,TRUE,NA
"384321","SEFSC-KMACKSATLC-1981-2001-JENSEN","USA","Tunas, bonitos, billfishes","Species","King mackerel Southern Atlantic Coast","Scomberomorus cavalla","RAM",0,2012,2750,2576.4,1.35,0.448,0.503472865012485,20469.02766,NA,NA,NA
"384371","SEFSC-LISQUIDATLC-1963-2009-HIVELY","USA","Squids, cuttlefishes, octopuses","Species","Longfin inshore squid Atlantic Coast","Loligo pealeii","RAM",0,2012,9560,26147.34073,0.938,0.39,1.23321970192194,84810,NA,TRUE,NA
"384420","SEFSC-MENATGM-1964-2004-GILROY","USA","Herrings, sardines, anchovies","Species","Gulf menhaden Gulf of Mexico","Brevoortia patronus","RAM",0,2012,473000,716850.308475,1.44,0.344,0.780850711517812,3672150.376,NA,NA,NA
"384449","SEFSC-PINKSHRIMPGM-1984-2011-HIVELY","USA","Shrimps, prawns","Species","Pink shrimp Gulf of Mexico","Farfantepenaeus duorarum","RAM",0,2012,1840,11262.89834,1.99,0.0748,0.89530018371534,50320.09842,NA,NA,NA
"384476","SEFSC-RGROUPGM-1986-2005-JENSEN","USA","Miscellaneous coastal fishes","Species","Red grouper Gulf of Mexico","Epinephelus morio","RAM",0,2012,3710,3501.73024,1.27,0.727,0.394962431182618,35463.9324,NA,NA,NA
"384513","SEFSC-RGROUPSATL-1976-2009-HIVELY","USA","Miscellaneous coastal fishes","Species","Red grouper South Atlantic","Epinephelus morio","RAM",0,2012,665,503.49,0.697,1.82,0.273635869565217,7360,NA,TRUE,TRUE
"384554","SEFSC-RPORGYSATLC-1972-2004-JENSEN","USA","Miscellaneous coastal fishes","Species","Red porgy Southern Atlantic coast","Pagrus pagrus","RAM",0,2012,76,283.81,0.611,0.391,0.159310956006167,7125.93803,NA,TRUE,NA
"384606","SEFSC-SNOWGROUPSATLC-1961-2002-STANTON","USA","Miscellaneous coastal fishes","Species","Snowy grouper Southern Atlantic coast","Epinephelus niveatus","RAM",0,2012,121,142,0.317,3.08,0.11446997178557,4962,NA,TRUE,TRUE
"384669","SEFSC-SPANMACKGM-1886-2011-HIVELY","USA","Tunas, bonitos, billfishes","Species","Spanish mackerel Gulf of Mexico","Scomberomorus maculatus","RAM",0,2012,567,1409.875807,1.32,0.304,0.149067589961424,37831.85352,NA,NA,NA
"384732","SEFSC-SPANMACKSATLC-1950-2008-JENSEN","USA","Tunas, bonitos, billfishes","Species","Spanish mackerel Southern Atlantic Coast","Scomberomorus maculatus","RAM",0,2012,2220,5941.6,0.401,0.909,0.294956314535346,80576,NA,TRUE,NA
"384780","SEFSC-TILEGM-1965-2009-HIVELY","USA","Miscellaneous demersal fishes","Species","Tilefish Gulf of Mexico","Lopholatilus chamaeleonticeps","RAM",0,2012,186,144.3272896,0.992,1.3,0.286635533976985,2014.087892,NA,TRUE,TRUE
"384832","SEFSC-TILESATLC-1961-2002-STANTON","USA","Miscellaneous demersal fishes","Species","Tilefish Southern Atlantic coast","Lopholatilus chamaeleonticeps","RAM",0,2012,189,152.6,0.899,1.55,0.116872175844375,5222.8,NA,TRUE,TRUE
"384864","SEFSC-VSNAPGM-1981-2004-JENSEN","USA","Miscellaneous coastal fishes","Species","Vermilion snapper Gulf of Mexico","Rhomboplites aurorubens","RAM",0,2012,1330,3374.72,1.53,0.602,0.278003038791932,NA,NA,NA,NA
"384927","SEFSC-VSNAPSATLC-1946-2008-STANTON","USA","Miscellaneous coastal fishes","Species","Vermilion snapper Southern Atlantic coast","Rhomboplites aurorubens","RAM",0,2012,461,755.2390456,0.899,1.27,0.45772063369697,6600,NA,TRUE,TRUE
"384956","SEFSC-WSHRIMPGM-1984-2011-HIVELY","USA","Shrimps, prawns","Species","White shrimp Gulf of Mexico","Litopenaeus setiferus","RAM",0,2012,27100,273170.3558,0.334,0.298,0.119210841985423,9165956.762,NA,TRUE,NA
"384994","SEFSC-YEGROUPGM-1975-2009-HIVELY","USA","Miscellaneous coastal fishes","Species","Yellowedge grouper Gulf of Mexico","Epinephelus flavolimbatus","RAM",1,2012,376,375,1.67,0.68,0.23504075565806,6381.871926,NA,NA,NA
"385057","SEFSC-YTSNAPSATLCGM-1950-2011-HIVELY","USA","Miscellaneous coastal fishes","Species","Yellowtail Snapper Southern Atlantic Coast and Gulf of Mexico","Ocyurus chrysurus","RAM",0,2012,768,1700,1.99,0.162,0.503472864826255,13506.189658,NA,NA,NA
"385538","SWFSC-CMACKPCOAST-1929-2008-PINSKY","USA","Miscellaneous pelagic fishes","Species","Pacific chub mackerel Pacific Coast","Scomber japonicus","RAM",0,2012,13700,23048.2,0.68,0.39,0.158979564116568,579903.4644,NA,TRUE,NA
"385601","SWFSC-DSOLEPCOAST-1910-2011-STACHURA","USA","Flounders, halibuts, soles","Species","Dover sole Pacific Coast","Microstomus pacificus","RAM",1,2012,11300,34757,1.99,0.124,0.33055713259125,420586.901,NA,NA,NA
"385649","SWFSC-GOPHERSPCOAST-1965-2005-STANTON","USA","Miscellaneous demersal fishes","Species","Gopher rockfish Southern Pacific Coast","Sebastes carnatus","RAM",0,2012,50.3,101,1.99,0.191,0.2,2020,NA,NA,NA
"385712","SWFSC-GRSPROCKNCAL-1916-2010-STACHURA","USA","Miscellaneous demersal fishes","Species","Greenspotted rockfish Pacific Coast North","Sebastes chlorostictus","RAM",1,2012,0.4,58.8,1.22,0,0.101128233351679,2325.76,NA,NA,NA
"385775","SWFSC-GRSPROCKSCAL-1916-2010-STACHURA","USA","Miscellaneous demersal fishes","Species","Greenspotted rockfish Pacific Coast South","Sebastes chlorostictus","RAM",1,2012,11.3,55.9,1.59,0.117,0.070146466826619,3187.616,NA,NA,NA
"385807","SWFSC-SARDPCOAST-1981-2007-PINSKY","USA","Herrings, sardines, anchovies","Species","Pacific sardine Pacific Coast","Sardinops sagax","RAM",0,2012,150000,162965.4036,1.59,0.48,0.471419923408727,1382762.1236,NA,NA,NA
"385870","SWFSC-SBELLYROCKPCOAST-1950-2005-BRANCH","USA","Miscellaneous demersal fishes","Species","Shortbelly rockfish Pacific Coast","Sebastes jordani","RAM",0,2012,0,1895.169931,1.77,0,0.104673135991075,72422.4,NA,NA,NA
"385913","SWFSC-STFLOUNNPCOAST-1970-2005-STANTON","USA","Flounders, halibuts, soles","Species","Starry flounder Northern Pacific Coast","Platichthys stellatus","RAM",0,2012,104,818,1.08,0.117,0.339999999991687,9623.529412,NA,NA,NA
"385956","SWFSC-STFLOUNSPCOAST-1970-2005-STANTON","USA","Flounders, halibuts, soles","Species","Starry flounder Southern Pacific Coast","Platichthys stellatus","RAM",1,2012,46,396,1.55,0.0749,0.339999999957071,4658.82353,NA,NA,NA
"386124","WDFW-PGEODWA-1980-2010-HIVELY","USA","Clams, cockles, arkshells","Species","Pacific Geoduck Washington","Panopea generosa","RAM",0,2012,2150,6422.909145,1.99,0.124,0.404310847977508,63544.26726,NA,NA,NA
